01kyle,671e21ad-0f93-41b6-a96f-2d9cb431fea6
0chunk,c7036638-22ea-4eff-9451-5566e8b7a2df
0nemanband,9e163df5-cb50-34ad-96de-9c5629462798
100findme,9536d679-88ad-3890-96b3-c4e280beab91
10mockingjays,5e981139-bb43-446e-a509-fb885ff2e89e
10zman10,cb79bef4-8f8e-49b1-870b-2355352a7655
13eman99,34fe4d81-48cf-3f77-a668-f6d55c05857d
143_jordan_143,bbaf935c-7d70-4a47-9e45-9257eac69153
170111,5ce2e28a-dc37-4d73-b55e-e0b8486f7126
18psimpson,e9ade66d-f8b1-47c8-8f04-5778549f6cc9
1_qup,097f1b96-44eb-4c0c-a8a5-af8782205e4e
1carson12,519aba53-20f7-48c4-b18c-d1d2bd7c9a5b
1hik,8264dea1-b76d-45b5-83d3-5cac3942832d
1noah312,aecc17a9-6e36-412f-88ab-39e9f3524957
22jakob22,44c50337-4cd8-44d8-812d-8518fd01cc5c
247fish,b0c63c30-297f-4751-9cfd-4f448b729be6
31v15,002280a0-ce7e-4dbb-a1fb-18e18e660a81
321bozkurt123,377228cb-b308-4244-bacc-e4addd8b48c1
326spiritman,72482112-35ed-4a87-9f7e-8e0e9ee69979
333aj,bd6574b3-2ecf-4e8b-8d48-88d0d228c049
369bw,de9f0acf-6846-4625-9ec5-093d4c6d56f9
44frank,224b028a-f3a2-43da-9b77-974cd8151b60
48mastermine,d91fe4b4-9554-4c0d-8b3b-6ff78b98ea9d
4d1ct1on,0156aff7-ed98-4ef1-84a6-5aaa509003a1
4dog,67089b0a-2efb-46a8-87b3-d7225426a0d3
50dsaiu98,9a439380-70c5-3bab-80d6-75c98e47457a
546007,ce823126-a084-485c-96be-e0eb8ecbf5f3
6024bobbyjoe,1a4c862d-ffa9-46a7-a1b1-c90d26a306a7
722awesome,e9643eaf-435a-3451-9758-59b9afc9178e
85251,2ceb8851-ab3a-37a7-8596-846033e54661
88988976,b86af675-4ef3-4b56-8b3a-61a76acc5523
89monkeyboy,3ae5fc08-86c1-4779-b330-fa297542ea6c
99miningplox,00814e50-4b7b-48d4-aed6-9cbdfc3ac5c3
9lotto5610,f0671df0-76b0-3f55-abe9-ee8cceaddff7
_badgurl,e4f8a102-55ec-3714-9cd2-806e302b4c9a
_blackwolf04_,0bc6a397-8e23-45d7-be3d-7d7ae15c40b2
_bloodshooter_,d33d68ca-7447-4f4b-afd1-8b2723c06682
_caramel_latte_,59df858f-3e6c-4fed-9880-c2233f26cda3
_demongabe_,3e303bad-c4c4-3086-8b5e-b2dda6a4818a
_fengo,e8221931-848a-4887-9c7b-6b74bf4f3c18
_ggmaster_,07fd0ce3-5763-4eb1-82cd-097b9e0300e7
_godares_,fa45b0fd-cd71-41d6-b344-b9f5c994e7fc
_jackroyd_,e9a16f74-0382-3d95-98e3-646dab701d88
_joopy_,ec5ee9a0-8ea8-4b05-b877-af9a759f097b
_kingofkin_,66d1abd4-7257-4156-a960-1f8f7ae405e6
_kittygirl,d428fb38-ce39-4448-a224-be18e0372bd4
_lad,d7a5c448-4088-44c7-b425-17984d3920a6
_mrstealth_,c4891ec0-d710-49f7-a8c4-d33de926e9a5
_my_name_is_jeff,e9547247-1efa-4eb9-8072-9748b387e983
_nabyerly_,f98a5c53-29a9-461c-9591-f9fc03b9fdee
_nadine_rain_,90ec6d56-dcbe-4085-b519-c6c2e726acfa
_nerdyzombie_,7643ef3d-c0c9-47e7-993e-a603e6e7e6b5
_sitica_,89193e29-068e-4d2a-836b-bf3df7137a42
_survivor__,ca3ae298-2fc3-47a9-b8b3-d573f63a9799
_sydmc_,2228fc05-0472-43a4-a6c4-07420f4f063b
_wadee_,0a530022-c5f1-4e13-a430-4b90605202e2
_xrockx_,c496d12b-fc43-32fb-ad5a-596a6fb83bd2
_xxfruitcrewxx_,05fd780c-03d4-4107-b237-ea043f082f26
aa540,01f90921-e8f7-40d6-87c6-7e647f7a7c78
aapburger,18d9cf2e-fd7f-47f1-b530-7f57b2ce9294
aardvarkjesus,ff354590-ea8c-4aea-b8ad-e29c6f780f35
aaron12powell,50b66137-20bd-4b88-8ddd-ec5d38a1e4ab
aaron_esther,e2baea84-08cb-4d83-b7b1-af1ca9b8aa43
abbymcc,b02de586-940e-4989-aa17-37338033efc4
abdomen9,f9cd4479-5dd2-490d-8f4c-84c965f1bbfc
accio_doctor,c109a811-c04f-4399-91ea-8f82cbd20e6b
ace_grey,bdfca0f7-2be3-4726-9f63-a495f30fe753
aceinthehole95,19d19bb4-81cd-476a-b0ed-4ecb4879dec8
ackissme,df03d899-c51f-48fb-a7e8-fff104d8f1ca
acp32,cc7170a9-7f81-3731-b129-5283c8099877
acr_mw2_killa,929220e2-a6eb-4174-87ff-030094c2472a
actennisc,2d23f749-f045-4f78-9375-ca06d473e6fb
adam_bak3r,a3ba6f8a-a594-4641-86c7-768a9def128c
adamprollo,d2e9c484-0e55-4919-a6c9-f423ef6d2b1f
addthekilla12,df7e1427-ef49-4043-9252-147a471b111f
adnap09,aff62a31-2d4a-467e-860b-328ee324081d
adsf101,0674fd06-986a-4396-b052-78874d37dc91
adventuli,baebfa34-c423-3593-aa20-2d34e9aeff2a
aflyingduck,5c907a6c-4dd6-468f-88f7-a149fce0caed
aggressive955,598773db-000b-45fe-9b51-9e891847a7b0
aharrington543,6802f0a1-f588-4abc-9257-8d2ef588bce3
ahlstedt,351461d8-f983-4551-9dab-c04c9f17621e
aida6,1ecc8fbe-1ca7-41af-bb27-19a19a47e418
aiden_h1,8c79103d-112c-435a-bc07-8f86579fd79b
aidenh2,0e0ab6ac-aeb1-3dde-be34-1763bcca73fd
airsmith_kaine,72afdbe6-3256-4f4f-89b6-a86e7b91f004
aj2024,e9de6ba9-ff8f-4dd3-a02b-3f2b62ae09dd
aj4292002,e992cf36-8c35-4bec-a03c-163622821e74
al10006666,266a7bca-c0de-320c-8864-0c0ced084315
albinodolphinz,1b04c2eb-1f46-4646-87b4-67965868207b
alec042,4db2ee5b-07e5-4a05-9ca4-77e269b7d99a
aleshgames,76df2f06-20b7-3700-9de3-c94d11b17032
alexandragarcia,ccabd9b6-c175-413c-8cdf-7598bb79f2c3
alexbam1200,d6999900-a5a9-45af-90ac-e54ebdfe8860
alexis1413359,89093604-c0f2-439c-a526-8d2e4ac8f1cc
alexlynch02,39fd689a-7495-42c7-bbf8-26485173f675
alexnova1555,57c34135-5281-4b36-9006-a03a43289121
alexp_the_gamer,4f344766-1c0b-3404-94cc-4f01dd5215b7
alf5432,2d958e89-2b92-41dc-adba-566c2cd6f7bc
aliceelle,856cf0d6-dd8c-3c60-b387-b3a126d13cac
alienface1,c548cc52-a115-3d89-8c4a-984193d552eb
alliey123,5f142697-503f-4fc0-a879-47b4cfc6716d
allipalli99,befbfb64-268f-4325-bf96-903f0d4648e7
alloutamokk,031f7ff3-6ded-4e21-8127-9bc2415040ea
allu112pk,7a73275d-5c2e-402a-aab6-66fe310b8963
alostwakingdream,1f6b40fb-0c50-46a8-92b6-4922dea465c6
always_creative,19a8fdb6-ee98-4b3d-866c-57f5f22e8211
alyssabug1234,4e0e9189-2ef3-4ffe-8085-1729b20a02c0
amar2331,5efc2c31-688f-4a19-8422-fd710aeded1e
amayanightrain,870d3d33-75fa-4bb0-80eb-cb6b2829d82f
amerac,928f0333-9df6-4692-8bd9-b8c437db3d4a
americanoreo,971042f6-5efb-417c-8e0d-f76c3d80c0a4
ammerondad,15695bff-02f6-4ec3-afea-af672363b6a2
andeezpurr,34b12365-0066-46ba-b77c-613c1dad0b19
andre_thecreator,3b11ac0b-ac2b-48db-940f-5673f37ec5c3
andreiverzea11,a7ba17ac-0dff-4f7d-91d6-08fc8bcf3658
andresrocks2000,d83e8689-e1c6-44ff-bfdb-70f2e73d59bf
andy3202,7b3edf2d-c91a-4487-829f-649045d45934
andymarchinek1,dd179938-3c47-4ea0-9a43-36c75460796d
anguta,f4203724-b9cb-4daa-8279-44de54c7ba66
anikin_bob,a2050c8a-3ce4-32f6-a425-da97a5bfc337
animallover08899,70f9a069-d06c-4134-be48-c07136d7cbcf
annalovesjoeyg,6038da1c-56c0-41d8-83fc-3883cf0b6687
anonymous_404,81566820-61e0-4707-9634-70511ebdd7f8
another_try,04a733c6-e905-310e-8484-cee62fc66c15
anton0wnz,172055d8-1777-4efa-b445-1e2dae1e4852
antrobot123,48f41bdd-6393-37e8-a6af-ed1ca9af05ce
anxietycore,e88dccfc-7488-44a5-9a8b-26098dd47e6f
anxietymachine,e88dccfc-7488-44a5-9a8b-26098dd47e6f
aoba_otaku,8d1e33ef-4e1e-473c-9acb-6e006195ad48
apex_syndicate,135db120-f3a5-3fc7-b7b9-e3ee65165ed2
apleader10,693c720f-8866-4b4c-b788-74a3498054c1
apple1933,46726e48-7f12-4d6d-bdf6-187d96e9e3a9
applebook012,7bbe7f0d-8b83-3c7f-9ec8-0793607b1c73
apsd6x,7471d35a-235b-3c22-a4db-a2f04e462ed8
apsdx6,dd010a01-515d-445e-bb11-1fff4afc23e0
aqchris,69d18682-3dbc-40c0-a333-87510ca75e42
arcane_blade,73c17bff-e162-3d7f-b396-20e2b6270aa3
arceuscom123,7bf1b7ae-e6c4-4ba2-ad7f-ad53f8d3f361
archangel875,7a3c4ca9-2a0e-33dd-ab4c-8c4d5b7afa40
arcticghost20,8a62ad1a-530e-4e65-a9de-265cfb1e0f89
armiitron,e4f29ed3-0e07-466e-9892-de342b6f033d
armykid67,baa0073a-0345-4f48-b12b-589b5559915b
armyman767,1f4acbe7-028b-4b97-a00d-27a7a69194e7
aroyia,ea02b2cc-ddbd-43e6-8977-c669f223b932
articfox94,0d745d87-14ac-45f7-9319-c8e453e77b83
articrainbow,d9869849-3603-3926-9d0e-99fe2ae2c1d7
artolis_mc,52f36021-5478-46ba-a563-c7d48f1eeda7
asbjorn808,e98954ba-d85a-445d-88c9-5cf1ff13e331
ashalina,8e9e0bf5-66a6-3a99-8f06-972dc3171aa8
ashcatchme,63ddd9dc-5cc8-4add-ac7f-ef19f4c95d2f
ashleemckinlay,971a20ed-f40f-4d9c-8b2c-6ef8d9964586
ashlerose,36274f90-eceb-46c0-acc1-5df8add1a1fa
ashlymarrie,8342c1da-69bb-480d-9005-9d67912e0e13
aspd6,f844ee55-6ddd-3d56-89df-e7ddf4a725fb
aspd6x,5f19522d-89de-3af2-a046-42e731fa0b52
assassin7015,816de797-5496-4226-b735-7bf838c5972f
assassins2020,fab03c67-f7da-4925-b661-0e3fa007cbc9
astrain1,2cc0f222-2db6-4270-a063-e65882827f83
atomicburgerflip,b476a30e-75f0-4992-9cca-d8682a96eb9a
atticusmb2,953eaa3d-a069-4e75-9826-423d1c347ae4
atv_wheels,1c8d4499-cbbb-40af-84da-189d1e6437ad
augieb,10eb5b5d-811e-4b7f-8f4c-965244dadf15
aussievortex,51557e2c-f25d-4642-ae19-68636056127f
austinneumeyer,9f89e5c8-6289-4793-be68-46a6d8d05f1a
autokiller2701,a2625e6e-6a99-44bf-85be-bc23d2bfe101
avaplays,1c3ed34a-5dc9-4e18-9039-9f4259431d8a
awerthen55,ab1a1634-b231-4039-80cd-7da5b087eab7
awesome1887,217b714f-e01d-4988-b4d8-580bc5e1b891
awesome479,4c540056-a7e3-310c-81be-bc0ab1778542
awesomecronin,d6c66d8c-f724-3140-b268-53e8a25d4a71
awesomehenderson,f6a5f56d-0026-4d86-a884-c8ebb1646c7b
awesomelivi,3d49546e-12d1-4c3e-85a0-d3d78d50adca
awesomemelonhd,a09e43a5-e40b-4d21-ba2d-3677db1051ad
awesomemonkey89,413fb1b8-1d18-3b8e-8486-e232fdbfd158
awesomeness2709,775c85a3-3ee0-4a50-9896-4b2263aaf6f3
awesomerj21,3cb977f3-12b5-4f55-aba3-557f64359981
awesometoshi,d9c996ef-accf-410a-a952-1dcd94d1b01b
b0b023,4ef267c9-bb61-4763-9873-e34766f7227c
b0redt0d34th,5da725aa-5523-40e6-b36c-c12a035cc914
b123greenmachine,bd83c38b-5325-4797-9f06-212367f23a82
babohd,a82a95d8-3769-4288-aec6-ea2821e6ed97
babydoll215,7895059d-8eec-3ffa-8527-f60d2c60b5f9
baconbobby132,668633b3-2cd2-3ebb-adec-dae375e3ceb8
baconbro11,a2a6d350-5a56-3aea-ae5c-bf5a2928a853
baileydare,48f4f386-ef41-41b4-b388-16c1fcec1384
bakerbrats,077dc73d-1851-4c20-a6bc-240ce28547d3
bambambuild,11def61b-394c-4955-9060-d44187893e90
bammargera23,e9a67ad3-70f7-4981-bbcc-9c03417fbea7
bananatouch,06b713ee-4aa7-35cc-b8d1-16b93b4dd92a
bannanamoxy,37737956-67cd-4afc-bb23-a0a279431284
baron_scathe,cc528c36-e2c7-43b9-aa9e-81ff4903c671
basit1337,520fabf8-dc27-4bc6-a119-c1f0938c5995
bassplayer96,31f9d392-1430-3209-b55c-8cc8a98d982c
batman1120002,ec77fb39-0257-4566-bab5-66deb68c4229
battlo8264,f3fe48c7-9b11-38bd-bb99-ece355cb093e
bazwick,0d3b3eb1-5463-39cf-afdb-85e448fb32ce
bbeast10,bad0cf8a-da0a-439c-a874-7c027761fef6
bboy_yodaj16,4bd0b635-256b-4295-8993-ee4a46fd38e5
bchunt,91cb936f-2d41-4e20-9167-db8c92251ca3
beagle5555,0196fe75-2722-4ece-bcb2-7797e2efd4ef
beasty3524,cddd4831-f2e3-4af7-a7a3-7b92d971c27b
bebels14,db221160-7bd2-4cbd-a6cf-53831b7bbf8f
beefstew323,cf3a881f-e895-43f9-a9c0-442195d34ef3
ben0221,3ab5659c-5ce1-4094-85b3-009842fa1145
berserkerrace,5bf112fc-95a4-3a06-ae77-f199b629ea12
bestieboy85,61b9e9e1-d139-4a52-9c0e-7889ca15a063
bgedders,06c80a96-a429-4823-ac36-15fe608920df
bigbison,1e42de72-e955-4dfb-b921-56a74f7c36ae
bigdaddyrocker,b2084ad4-37b1-31e2-b821-bfd784ef1019
bigdawgy3443,b4c16212-8607-4eab-aae3-814749e3a517
bigdrewburt,8a120b66-f851-4910-8319-071e65d349e0
bighead015,d5c1c6b9-8ad0-3c45-b6b9-706d61452635
bignastysgt,d1b29c02-e128-4543-a9bf-d21b92e19763
billiebumbum,7085b11d-a70c-41f7-aa2f-e8525dc4dd41
billythekid_1,d7f7738f-b299-4944-85f6-21f1024b3656
bilpo,b23dbda9-b0db-40e7-b82c-16b6f314577a
biohazard777,69d85ebf-80c4-4c8c-83f8-a7e03fb43c16
bioshock_god,1f2f7b32-87a7-4d40-8f37-c992ac361ec0
birseu,3284b922-454f-4748-b141-2d0e2cb00b3d
blackbearcy,e05009e1-d895-4b1e-8b10-25fc655a2f25
blackceaser,5fa747ae-63ca-4d0e-a005-e0a7a7c22a26
blackheart27,0ad816de-2317-4d2e-8fd8-9a62227ed389
blackthunder900,b8127bd4-813d-4db2-867b-1f5816f9fc69
blake920,235708c9-59e9-4e13-b62a-6dd3753d5376
blastfalcon,b81060fa-be88-4525-b7c2-56b3fe18f5b9
blasttricks90210,41a2fd2f-6168-3b4f-ac21-ff77f192c05d
blaze5221,a0df573e-f44f-44a7-a2f0-b9aa7e290c1a
blazingblade10,3d32146b-55cc-3909-b357-111dd0bda8e1
blazingsnerman32,b24ff8a6-6496-47b0-987f-1ba849f99889
blo0dy_av3nger,faf24d60-1508-4b50-a302-9a2ff60320c9
blockman788,06ccff3d-1e96-35f4-a46b-c4c79628104c
blooddetective,576c25b5-9793-4e61-9a34-3ee1cbb9fb32
bloxparadise_,6ec90669-c25e-4062-9ca5-e415168f6493
blue807ndy,3a9cf485-9032-4b58-8844-afcc3b05f8d8
bluedemon0015,c140e846-4380-4f20-a33b-1b1940219a6e
bluedemonrin,d90286ce-0d4e-46e4-b740-d647163d8504
blueredbird,42fedffd-ad13-43c6-a535-74c6a5f9be2c
bluewolfy123,4e4e1786-6282-4e4c-a267-4953c368a8cf
blumley01,3cf8bd34-abbe-3584-bb4f-0e72b2f3db18
bobby007007,78255c60-0dd5-46b7-b830-e7e8ccb095c4
bobthebuilderdwf,a3126f9c-39b7-318f-affd-ba65253825fd
bojangle,7b59a3c4-b61e-489e-b6bc-e733d92fbb7f
boltan,f7037a49-9519-44a5-b579-1199869b5946
boltstrike2,0508a4de-93c0-4a79-a3f1-f371f137aeb1
booya2468,c1be0999-baea-40b7-8f3d-b45ee7151a7a
bosch27,b9de20bd-26d2-46ab-b702-ba1e7840f9c1
bosscrafter321,f18bb633-ba87-44a9-babb-2fa6adbab553
bozplayer4547,0f4df1f0-1628-4049-83d9-a5c791b53c65
bradleysgirl,218d86e9-db1b-4816-8b7b-06865413fa7b
brandon97andrew,01d41e4e-4be5-4613-b8fd-0f1978756737
brandondao,ceedb4e9-d396-4809-ac72-ab24522751c5
brandonday7889,ba962b1a-6b63-490d-912a-243f78329f0a
braydie_boy10,c39554e0-ee6d-4c33-9dd4-25187a1b02fd
brendan53,71ba4c68-579e-4eb8-9fd5-b324333a0686
brianflowers690,1b803030-9fd4-3b7a-a107-2c064aea025c
brianthekid65,fdbd1da7-d81a-42e1-a8ea-e4e9d5cea131
brianwilliamson,14fc82d7-c0b5-4273-9f17-48243387d4f9
bribri090104,ee16e38e-d2e2-4878-9a3d-8747677ba6f4
brightdiamond667,37894258-e29d-4549-9323-0e4bc4309431
brightenstar,b1d97497-f3dc-4360-9a28-7575993185b2
brighton12345,daa772d6-2cf9-4978-a6f1-11fbbb6c52c1
brisketbones,ab6716aa-52d1-3ace-a2ff-1c84c652b99d
britneylovesya,d2c65ef5-03f1-47a2-b18b-8acc1f238312
brownlegend,f7ea70bc-a60f-4250-8a1e-1febd175f0b6
brownrya000,0f679dd3-7a79-4f2b-ae1f-f701be044a79
brrroocode,035051c1-53ce-36bf-8a6c-1ce142d8798f
brucey17,473e5d0e-ba1c-409d-98ed-de0a51c6fe92
brysize,2d330484-9403-433f-9092-454e54601ef0
bsistheboss,2b8e653d-07a0-40c9-baf9-1f963354becd
budderking1031,66cbef49-bd05-43b4-9ac6-36c13e3e5a88
buddermanb23,80a851d7-06c7-483e-8607-5fbf07ed2719
buddiebear,cf4ad1d0-47dc-433b-adff-9cfca1fa3a1f
budgielordette,2bd48b58-8c75-3769-9516-72a8667d08c4
buff10,7f669a54-e78a-47ca-b272-1a47d881a595
buflubberous,86e13a97-dad7-4233-b8a0-7827fd512be5
bug976,e31df8c7-d517-4c0a-bd11-5b4b8fcfb18b
bugsrus,2eb6168c-f6b6-487a-b248-1e70b65e60dc
builttuff13,bb4061a4-aab7-4fe8-8985-660d0a1a4bb7
bukr,b843b978-ce59-421e-8439-2688e1c8b721
bulldog7838,34f2cd90-bdaf-3ffc-aa36-ad685693aa85
bumblebor,10543100-fb3d-4aec-a531-68dced69c16a
bumrubber2003,b050a8b0-3ce1-474a-9186-c7fa73da8c05
butterccup,6a7bac5e-31f0-4319-8704-635a50cd0040
butterfing3rs,f07e1ef7-7a74-43d7-916a-fc57db9a9c19
byronarnold,dcdeaf71-6d68-4ab8-8da2-4c7f21cfc629
cabbage29,9979d77f-2dc3-306d-8c7a-b3c776dcf086
cachesmith,c56599f2-890f-4a81-b874-9bbb652e56e6
cadimat,eda28dc9-b054-4c06-9311-fc2f331f4132
caileer,ae8bf7f8-7dff-4207-a193-2991336ce868
caleb_yodaj16,1a62e4ac-2007-4ab7-899f-27e8370e51e9
calmcknight,80c95aec-3b64-49b3-9b05-16f2a73c0583
camcraaakers,091d4dd0-2148-4fef-a184-aaf395128246
camtheman_14,abeb4e3e-7fb8-4162-8a48-1b68361876e6
canadian71,a52bc2a4-9b76-4802-8d34-35aa76606b31
canadianeatfresh,7121bbbc-58d4-4055-8319-6396edd81e0c
candicechris,4ba9b7fb-9a9a-45d1-8923-bb69f1d03111
candyeaters,20f13087-92ce-3abd-ad35-2d3358c01a5e
cantthing,822ad730-f877-3d37-b0e8-f0abd2248494
cantthink96,d1f1b5e1-54df-3403-a537-4a2fe2754f95
captain_ramius,afd6b273-4dbd-4636-8494-858a286b7763
captainblast,d6e7b815-2790-391d-8083-8b9f5d8a8fdc
captainfashion,f101bb86-fd54-4d4d-8ff0-650adf3a3180
captainfluffy711,535db911-f477-35b5-a9c7-21aee281443d
captainmoses,ab834dec-46f1-4603-99e1-aeaa4b48d3bf
captainpigman28,a810d212-d1c9-46dc-b8aa-21cc3938ecca
captainseeds6789,4729be09-1874-3147-a596-3a0632622f21
captainsparra02,7fe518a6-9204-4086-b1fe-3eaca6887ff3
captainstupid,d28f134f-69d3-4c28-abab-a93f5a377582
carmenmcook,e6756494-0992-43a9-bfa1-54f6d03f03a6
cartahero,cea19110-d21d-4c87-980c-87904301b71d
cartatwin,611e5fa4-7cac-4372-ae3d-0721914a45fb
cartoonbug,b5718500-b536-4554-9309-b237730ba7c3
castiel4545,12eec8ad-e84c-4b34-9c2a-85a354c2dd9c
catmat63,f891947e-6125-341e-aaea-cb0fffadeb68
catnaps45,eae748a5-cc2d-494d-8730-92e91f2c55c1
cavity536,ad6e9068-c4d4-4176-a26e-d35084683172
cbremer99,6597dd74-785d-4c85-8b14-1bb03572cd8e
ccb02,01430e27-746d-42d9-b82f-cb42c90cce2a
ccmscraggygamer,7971ccad-474a-4441-9a91-578aa82a9d82
ccspore,31775990-6368-30d8-a8d9-9ef73bf1bff9
cehpore,81268b31-52b7-49ec-89e8-b940eaa0408b
celtbane,0083e500-558d-36f1-b2af-533d1ee32cf0
celtide,1db038fb-125d-41b9-a848-18755e5cb7e0
cessnockbob,a2c60f3e-6fa8-48c3-9e3e-5b195241aa28
chadandersen1,deac7199-3907-3635-8840-7ea7edaa3b9e
chaos9863,91781e95-d6c2-4ce9-9ae9-59ac566792ed
charlieman119,9ad68448-5e7f-444e-b25a-8c3b979ff941
chaty9,1c45efaa-a643-3f91-8e0e-73e0dc91a147
cheekyfia,cb6f1c65-61e2-3083-b788-9bbbd01d6c54
cheeseutters,cfd2bb64-48d0-48da-99d9-fe2a90477f50
chesto856,c7d9a5d9-7ce1-4a46-bf03-3fd4478376be
chicken50nuggets,1221baba-af31-4bdd-ab9d-2a116433fb23
chickenman20,27fa48e1-bb89-466c-a6b9-a71a8568f3a9
chickstopher,bc5a13d0-7cce-4c3c-98a1-506f054e3d18
chiddybangmaster,2fde9fe3-8aa0-43bf-9f74-e1c46f4dae72
chill_sniper,6e517850-d5c8-4d2d-a51a-61b8e00b4363
chinmaster94,2c23ad66-7b14-4de3-a435-f8a8e29ae3c5
chipmunk132,350a28d4-73ae-43a7-9ce3-33b95d5147a1
chivessocks,a1a0dea9-09ab-4980-858d-ae9984d54762
chopheadme,ea931a1d-a193-3a80-9f47-5c26e9e76561
chris_knight,6dbab31a-a105-4549-a840-dd974f5fa37a
chrisenderson,08cbae6b-b27f-37db-997f-84125b15f4d8
chrisisepic123,1ee6f07f-1bec-4dd0-9e87-774b7aee968e
chrismon123,483ddd10-6d68-4ec4-9c0d-5ac227e47eeb
chrissithe12th,ec8562fa-7979-4ac4-b8cd-82b7d089234c
christhekidrs,721fde21-66c0-45c2-99b5-b549bd6e10c3
christiancruz12,1481c9d2-e1be-488c-ab1e-34fec60ced4b
chriswakely,276d110f-164e-4844-93e8-304c85bd3d5e
chug_train,2510c1e4-7e9d-482b-aca8-46e3609fa21f
chunlin,a986955d-1a25-46ea-b249-4d3bc2b47b6b
cjford1234,6a147f2c-7b50-4341-9388-b7d758086251
clarkygirl1,5cc8ba2e-af88-4783-a81f-85892d058b80
clefty_boy,5cb67099-ed09-41aa-9837-3d57bec8ea7f
cleo210802,01fcc644-00bb-41b3-be9d-c98159fcb88f
clever_name81,49b28295-94bc-4abc-befe-e9b724946d34
cloaked_crafter,1eb59c41-7204-41ad-8731-fcecb047b11d
clpanda98,80089100-4c4c-4e09-8b18-ed711404b1e0
clsmith1503,14163858-a076-49a1-b1d4-daa69fd88070
clymate,dcfa7ec7-61dd-4184-b7ff-e44069aeaa19
cmtrent,c94b70c8-bfb7-4cbb-8c97-ce83d068d5a0
cobat,8bb53f24-e67f-30f4-a994-ecea1bb546fb
cobyrox,97ccf4e0-bcbf-39fa-8cf3-e103160b9091
cocacolaboy23,b97c035d-b9ab-4ea1-a18a-6dcae128c424
cocoxander,fc1df73f-ae36-3bfc-ab25-f542d42c41aa
codement,e8b54fdc-e44b-4873-b193-88cb0613fe3c
codemouse92,7a17afcf-4cbb-4ab8-bb71-2f10e404dfab
codygreen3,aaa3cdc0-0979-4445-896d-d136d030accf
cola_pepsi,0657be75-fa5a-49ae-b81e-e90034d7d755
colahdetank,66995f1c-6e47-4178-b826-8a5353fe7aff
coletraintaco_14,41262ac5-6022-4fec-b56d-becde6fedb08
comet_z,30090bfc-d3b1-4539-b3c5-658c93068ab7
commanderswirls,0ae680a7-36ca-4143-b3ac-e4b9152e2584
commandostevo,5f7450de-391b-4fdb-bc40-68fcebecdaf9
competingfreak,a671b217-6a7e-42f6-aee6-dcc7489c4081
conan13579,8b7ca7ff-c98f-3aed-85a1-a6562ecdfe1a
cookiebox17,f87b5c10-de41-46cc-ba46-9448bd16762a
cool_creeper_97,e3b4291e-84ca-4aa4-9fee-a3fc65cac87b
coolalmond,1d78ca10-bbbb-4643-a327-64b741853ed6
coolcat171,ded2d08a-bd64-40f0-8abf-32e1fea562d4
coolcoolcool64,d2dda973-5da2-4ebe-94af-f4715f64bb26
cooldogkidz,c85dc175-a08f-44b2-9aa1-4e3d93707cb8
coolgamer1203,c9679ecb-19ab-4585-9e3a-3e7ca0da3cf0
coolguy4383123,9f95d6b3-bd8f-4f91-8967-ea547d44f125
coolkid123321123,04715e09-be05-4101-9f6f-5b91185bdf8f
coolman2020,bc04f63e-1d20-4f9d-8ad2-20bc5e2d4f2a
coolminer92,03a795b1-4e61-3d5e-8e8e-06c8e7dd8c12
coolmjsong,b690d53a-f4a8-3d4a-a99c-7acf6c0b579e
coolqalel,13df99dc-4762-3ea7-a711-38100c966b23
coolslime101,b43ffb01-22b0-3ee8-87d1-bdc55c78dc7e
cooltks,8f1d52a7-4096-4c00-96fa-0d82ca24b4c5
coolvolcano,49852dc9-d1d3-4ccf-b6e3-8f893c366846
cornflake22317,a1ea440f-a8c7-4a62-bf3b-53e6373afefb
corporatemonkey,97e3c594-e1d7-400f-839b-a5f1d3a8180e
cosmic_pvp,4dff11eb-9266-3372-8c2f-3c105c2f2b82
counterman42,4cdc13b5-4e7e-45d9-83d2-56ef6a579d8b
cowen21,f0c1a13e-114f-4b46-a189-d3bc88f1d2c7
cphillips5046,803270c0-88c3-4470-944d-cfeb8fadf3fc
cptminecraft2,7497c901-9f77-37af-80ab-184ac97ca359
cr4zy21fr34k,afc27683-2841-4193-8b4e-ec0d43d76779
cracken77,883b1624-d016-3248-bf59-82e3cce783a9
crackkills989,4ef0a9eb-7953-4b67-b489-5ad807ed6a13
crafter51001,f34c44f8-7273-4d82-bbe3-27e73312d501
crafterbros,236a29b3-095b-4c02-955a-48fbe952de4e
craftguyx,1f13e342-eb18-44eb-9234-a3c1502f46f0
craftinator1,c91706eb-1f5a-3d95-8e5b-e21303e2d71c
craftio,d939e282-8f8d-3e03-8862-e3a40bcbf378
craftmaster1127,00031e71-f285-32b8-9114-eb9bd11dc78d
craftydart,8f8ab032-1015-38a8-a4c3-26f99251046f
craftygirls9,e7d685b5-e114-433c-83a5-5efc830563a8
crazycookie13,cb14fcfa-239e-48bc-adf8-86847dd78ea1
crazygiants10,0acb8e46-0496-442e-be64-f76a3044a2c2
crazyinventor265,0e52e84e-c391-4fbd-8901-88b949e2d897
crcisawesome,729bedc5-9478-4384-96e6-bf00d3cf9e26
creamymcdude,d5f4a16d-2e55-4bf4-b8a0-11dfc9710d62
creeper91901,4d84e190-698b-468b-9bdd-b13dfa3d3613
creeper_mania93,d0a99603-2efc-4f70-9db6-f47166681a4c
creepergurl22,177542b7-6b36-40b2-8e9d-31a0344c67e5
creeperhunter419,0bb6858c-ca66-46d2-befa-724b6ab24fc3
creeperhunter994,06179cc4-4e24-462f-b07f-00d7aea48838
creeperkiller68,358e8f83-0edb-439e-ab88-90f0b34bedb5
creeperkiller830,f934be5a-c77d-4f46-9107-232cb72c29ba
creeperman3164,ca2dd468-5fdb-4a80-a4fc-aab19eb837c1
creeperwoodall,1d976471-acd8-43b9-9224-31d5715c84b8
creepvilla,a976fc25-e867-3e92-b995-fc02bcd215b4
crobat66,675b79d8-2786-494c-8e82-69b50205c2e8
crocatillian,44563de1-aaa3-4fda-a783-28304593b4a6
crowfeather88,b825d6bb-25d6-46b0-9ae0-3eb00e1cfe81
crumbley_cookie,78bd93b0-72a5-432a-ae38-c8c64aa3e047
crystal78248,273b3971-13f5-384c-a9c4-de21877d07d1
crystalannie0,1aea34f6-2759-490e-9de3-1fef3857cd9d
csmith70739,54707c9f-e187-4ea4-9d3c-01c6adf80ec0
ctar10,220be7d0-0255-4e52-985d-0b69d1ec6a99
cuddlycanadian,c7f02825-0f5d-4172-99f3-c59e4b0b2191
cuddlypanda,b2f7fd5f-f5a9-476f-bb94-a952c334974a
culleng,890cbd1d-5b0e-35ba-814f-8130b671c49e
cwsqueen,beae20e9-bcb0-44f3-a16d-4162c037abfb
d2rkyle,aab6ae02-9217-4a0d-93fe-f55041583273
d3m_b0n3s,fe4e4176-7eba-3c15-baf5-55ea26c88a74
d_cassandra_d,16cce471-5f1c-4e6e-b7ce-2a2d5b6f21cd
da5id,fd1305fc-eddd-45a6-8765-ba11351b0bd3
da_redflame,3d132547-28d0-482c-ab52-b5e690ccf0c6
dabomb1661,9d00773f-4717-4be3-97cd-427b588bbaba
dade323,9dca5299-d1d7-463d-907d-47c68ea07753
dadsrfunny1stfan,64af533f-94b6-4c09-8bb6-226067fa856c
dandylandpuff,86be5290-3181-48a5-91c8-f69f6b1593be
danikachoo,cad624c2-51fd-4ba3-9a84-79120fcb8fb0
danishroll51,ac3204a4-c421-4300-84ab-85ebf59116b6
daphill,300ac8b2-b82c-4482-a94c-3eda84652747
darkdestiny455,6eb7c177-7963-3ea8-aa01-42c00e4e56b5
darkeye932,9c5e4e25-d562-4aa2-afdc-463718c03445
darkfoxgrime,d929c556-0cfb-484d-ad31-8437aaa4ab09
darkrider590,25c0835a-8e8b-4a79-afdd-d8c9576970d0
darksamus227,79899cae-33f3-43cd-a926-a766ed56b136
darkshadow333,c7cd928a-6186-481f-a2ac-eb01c0c02e73
darkstar1169,719cad2c-a8ad-4f78-bd05-a0a08ff2d764
darkstar312,23fb74ef-4a38-4aed-ac17-4120a7dfa522
darktech30,382f8ce4-4dc7-4e6a-9706-4b9da18c1047
darky2303,cb7612ad-c5a5-3dc2-aaf5-d9a935a7b6d5
darren10lim,cb41a815-564f-4b75-a9b7-f154388aeb4e
dartboard2,a8a98077-4bb5-4757-8407-0ce9c40ce752
darth_octo,004d639b-6875-4e21-af60-c1c63706e5d4
dashiell456,b1fed8e3-e016-4cee-b6e2-fdf8caff52a5
dashigos,8cea271b-33c1-4816-948b-db17189e3b19
davec32,a3b2bf06-ff01-4fc9-8440-f474538c635b
davethebutterman,cc177dab-cf9a-4087-976c-df4cbb5fc8ac
davi_06,89542e6f-60af-4195-a28f-0d9db30e6426
david6871,a800b75f-9115-4185-aef8-3a2a1d163e73
davisandco,4ecb653d-b2f3-36f2-aa99-2b93f5e13521
davix23,b8285ea5-c12e-4476-925a-4e12852486e7
dbz_fan_,eea15d87-334a-360c-82e7-13bf28416a58
dc4545,9a342059-144e-4952-bdc0-c9528cbca8dd
ddigitaldog,3052a90f-2e11-473d-96c0-b48a1eb63773
ddk_dude,33b9ebf7-f480-477b-8a61-ee9b581269cf
ddog6786,fdea0626-0489-4ea5-b818-af17492c9109
ddubb8080,75816489-e278-4669-b52e-0e0f22d9c436
dead_creepers,36bea955-572d-4721-84af-5fb44341e011
deaddragon80,5c12c106-0a25-44c3-a29e-1c2fffef11fc
deadkiller22,10789aaa-cd38-4141-99cc-ed2432e97917
deathbypoop77,69a1f35b-72db-38c3-9ffa-76d5d4e90a9c
deathlorde,26bcc59f-b5fc-4a56-b7de-825be95b4904
dedlocx,fd5e1b68-d1f4-4dde-a843-f6658ae676da
dedlyninjaslayer,387ccc1a-4726-4e0b-bc76-30be593225c9
deephalen6878,aab983ff-8ff1-4f40-8406-2d16e4e25bdc
deer1jet,3a311686-c9c5-4ab3-a0d0-16a5b0404824
deidei1s,2f1916ae-9e1d-3bde-b003-d1b699ca2eb1
deiii3,56ddd163-58fb-4a35-a479-be9d90724e6b
demonavenger90,d2969864-8b45-353f-a99b-648514415b76
demoncakes440,05972742-8887-4e22-bb1a-3216fded793f
demonicteddybear,8993bcb4-ec4d-4c96-9bb1-a7db0bf28046
demonman125,a34739c8-11b2-3b0a-b684-f6d289cd7d30
derpy26,4977eaa4-a724-4a3b-866e-02689c866258
derpylink990,57cd2be4-b4a1-4d60-afe6-7210b12ae773
designerdragon,3bd545e1-7a44-40c4-93ee-770f290d86f6
desrtdav,2604b3b4-4a7a-42a0-ad85-c5c274fc4199
destinieasemmy,60f541d3-2817-4275-aaab-a5c35a2a6bdd
destoryerdax,69498242-4422-496b-8b7e-a6f86a84bddb
dev1308,a202fd6b-deb0-3a23-87b9-1e20e959534a
devin465,e02725e7-fe52-4fe5-ba82-ca404f3f240d
devonix143,51fb21f5-94df-33ab-8c9d-f0ed24a40187
dhcgabber,dac0e2fa-785f-4b04-a45b-346503b52212
diabeticdoggy,b4c86741-9f89-3299-bc12-06f03c97cd72
diamond15miner,eb958886-b266-37c6-90dc-92b049a69e4a
diamond66warrior,19b46ee8-20f8-4e12-9e18-af007454acec
diamond_baccawg,705cb333-e8c7-42d9-b720-6b7ea4bb4c35
diamondators,9b71b5e4-328b-3e3b-9f3d-7ceb2003f5cd
diamondhero1,1d093d35-43f0-33b6-94e2-2dd73d23b23b
diamondminer5607,97987ea8-67ec-42ea-8bb3-2a884d11a36e
diamondpanic,0acf4ff8-3254-495e-8b28-58d541a462cf
diiehardd,afb64fa5-0f86-49c6-b322-f12b6c73c69b
dillisgreat,be846bfe-0afa-4ff9-986b-c6639e5b0178
dilly088,d6d6988e-9034-3d0b-9f7e-6b1eeabf0833
dinokelsey,0b5e531a-fcc0-4e6a-827e-93729f7c9a6e
dinoppar,0c89e771-4db1-4be1-bced-3c40c04ee7d5
dinosaurspring,e9837274-87fc-4bf8-9a43-4d6d732e196f
discocreeeper,417cc163-c5a9-4b6e-99d6-8fd0ef463b94
discodude303,34c39cc7-9955-4830-95fc-73ec56577c64
diskdinomite,53e0d66d-f2a9-4d94-8fd1-dff0ffe5f536
dj757,6209ecd5-e8f0-4ba4-a2f1-62a36fabc9a2
dj_ryan16,59380541-06b6-3e28-9b1a-633c6907fb8c
djdeelen,8c20a64b-354c-4ad9-95dd-462bf8344bbb
djgarebear,4bbe8c4a-18e8-45e2-b5ea-70095f8e62a8
djluxaz,bea5bc7a-f5e0-326c-b95f-a1c9f6d20ef0
djzzadoks3,2b74f381-0de7-492c-969a-51dcdb071048
dmak12,07cb4a2e-649b-4e6f-bbf9-f3da5824d32f
dmalacha,d251776a-9df6-49ce-8b38-a59d7b2dc9ee
dminecraftkiller,15be3c41-e7be-3cc3-940c-bb1d5b7c888e
doc_mosi,dcd69117-d47d-319f-be38-cff364281e49
dochbacker,3ff90ad1-264b-45e4-8a21-37771c02d4f1
doctorkamillya,70b3e014-4b7b-4da6-b3ce-7e87541bd336
dog80556,27c283d6-d4cb-43bf-8abb-e8d1e28e2403
dogday2001,3ed0c0c7-f18d-4d88-98b6-e1b63a15c6fb
dogewhisperer,6e9b4adf-04b8-4c35-996c-223a8f50e94d
doghowler,47bc4523-bece-458a-b246-3ed6390b7bb9
dogs765love,61d0b1ac-146e-46e0-ac05-7224d50f4eeb
dominic1031,6ca82d7d-f9e8-4d98-96c5-b84bc27d3a27
dominoah,e8452a6a-c4c1-4a85-b353-9a0b2eb62baa
dominoid73,df6c8e9b-bcaa-4b94-b949-4b404e3c0ba9
donkeyteeth1173,627af96e-f89d-4947-a821-069308ee2cc9
doodlecat13,37bdbe23-0224-4b84-bf83-2d929222b5b4
doopliss29,2792bd91-154e-4ca0-b395-a82d1aad0519
dounutdruel,d651616b-3fec-4cd6-8094-05133e419944
dowen01,d76c4fa5-8231-42f5-b656-89662be3a128
down4it,9fc50a90-0bcf-4f6f-8654-d15b0ec918f0
dpb103,15df1d9b-3e11-43bc-9224-9c9bd5d03a98
dpw750,7624e965-5280-4ee0-a2da-9499c5b1a8ed
dr_phil_10,96471ba0-e5cc-4589-b820-46e746588fa0
dr_sister_fister,5d942d5e-4386-42ed-8822-dbb65c856446
draco129057,a56c3089-9735-4682-8bb9-ab3f8dbb3d08
dragon684,0a1556a8-6733-4b58-b608-90a1ad6b7114
dragon_rider101,ac724e79-6f24-403e-95dd-523a6e042ed7
dragonborn531,d4c03e3d-4c39-4d5c-99d2-f5d8df45754b
dragondager19,d553c311-a9aa-4943-b295-af8992215c42
dragongirl47980,379a1b6c-be17-4147-9e91-1cc7fc45017f
dragonjames07,d8444be9-5f4d-49c6-bc37-459b29f0ea29
drapsmaskinen,2180dd8e-076d-4f55-9dcd-440816ae644f
draven987,e289c37b-7ff9-4a41-a686-f563fa7aba1a
drbloodbathmc,3feb7b1d-c91c-445a-b79d-6c233d6c341f
dreadaxel,b4001064-ca9e-4a31-b647-cb7147bbae66
dreadedone79,02406128-6412-4aa6-838a-78af6797f261
dreamland1,dc621828-4469-4ce4-8a52-9bbc911f2dac
drexxel,9fe9dbab-d185-3733-8b8d-daf76d1b85bc
drieiceygirl,e9a1ed18-8936-45a1-ae1d-7710901ab835
driretlan,037abd1f-3dfe-4b93-83a8-678a4865e21b
drjesuschrist,80ef1157-af78-4e01-89a3-c795dffc9290
dubstepnexus,97c53c30-67df-3487-abb8-4a3327d9eb11
dukedemon22,b22df16f-9b6f-4472-815e-4c13a4d62c13
dunamgg,ea3f1bd9-0d70-4d2f-8afd-fe36ebb52a58
dwarf7889,62046690-5b50-4fbc-b7ae-4e8479273fc3
dwood17,265c506f-1cf4-4553-aa64-1feb96011c21
dylasamm,f37feb3a-fdbe-49e2-b834-479b9f301776
dyne10,60aac726-999e-4f61-a341-bd00ae74827b
e_bieber,a5442c0c-b4f6-419b-bfe1-e98f31871092
e_miner_man,a9ebfc99-7c20-4b29-bb18-af7c31b58810
easyyimmy1234,fdb249cd-b6c4-49f7-8220-b1aad1dc0d94
ebee525,5542be13-5412-47f4-a6bb-c2bb9a88a2ab
edgar36963,b0426eef-99b8-4550-a903-ee345f468098
edoux10,0ddd2637-e592-4010-8cd2-7ae116e8be92
eeveegirl3000,cedda1e5-a3e6-4846-8c82-6d6cd09d00bf
electrifyy,f34b7632-10bc-3bee-ae59-001e1b8943b7
elementalpvp,69efc1ca-6fb6-3a96-835e-3796a6eba1d6
elenore,ab5d884f-fd42-4b0d-9d80-c8d3c50b7cda
eliseli2018,6da14db3-e6bd-4010-92ba-b2d66012a6c3
elite059gmailcom,1376c0e4-e199-4366-ad11-d7e2de127926
elitegb,78932386-1a8c-4d13-bd8c-a0cfd8c766b4
elitemcm1n3r,509e205c-adda-3441-b05c-31012bbbc2ec
elizabethh_cat,0c96fb48-24dd-4ba8-9cd0-7a9937f3d960
elizabetta,97897d58-979f-40ed-b1f4-2c61f5fb9865
ellabella2970,997bdc2d-433b-3bac-ab86-472b5632a288
elladae,99cc4b13-d95b-3023-b6e6-9b3438996e00
ellagg03,8a96405a-869d-479a-9f7b-29e273aee00b
elvishnation,c0732393-0381-40cd-8fb6-db29fd939eaa
emb_beansickle,97b199a4-02ab-4352-a9c6-1e468a81c7c2
emeraldboss392,74bcf645-01b5-4f4c-84af-5dfa6bd1b5b6
emijane123,57cab94b-c899-4c77-8fc2-3b7438ad0171
emilyshannon,914a6a41-b432-49b3-a687-01ed7cc90108
emilystou,7a6e10f9-0962-3a81-8baa-fd1208ce7ac3
eminart,72d411ad-d4aa-4d14-9d93-3f0022df9e50
emisawesome23,4d2b0416-d50a-387d-a7d9-4b6da54fc975
empora,7da43f72-25e9-44b1-bb26-e0c023c83e69
endyxcat,619e5b88-9343-433d-bd2c-4392f405330f
enjoiyourloss,b5c46b56-bc3d-4ba6-bc4f-a494d5824c36
epic92004,007b3726-7a83-43b2-8906-7fd22a5d5f00
epicboss_127,4e1656de-9b76-437c-ba78-16ee74a9f70a
epice12,62c51ac0-6849-4c9d-a0a1-adecafe31c84
epicsauce_x2,26625dd8-ad88-401a-a2c1-8d3f7607d684
epicsebz_,063ab0f4-361d-3a40-8b60-0efee60deec6
epicthingy,02af95e5-48e3-482a-911a-a22b05498626
epzi10n,0a407a48-52bc-3540-9102-2ff5f0fb48ef
equist03,08bba971-7e04-4911-b473-0685040bf572
erasmo0284,0a83249f-4b69-4f30-910f-a59166c483cc
ereiha,9e39376a-b3aa-468b-90b2-52f3feedf195
ericlilja99102,e6bb9433-bbd0-48da-a10d-34e1ba204a8c
erikthecoolgamer,f7e66810-68b0-4623-9b05-728c9a4f30e0
ermmahhhhhhh,a6f17f4d-c745-4057-9976-232ca4c9de6f
esfavorie,140ee2c2-6791-407d-ad8b-24b7b9521434
eternalf3arz,f9701574-aaed-3a78-a565-d315e80b6ea9
ethan21009,293670c6-57e8-4a27-aac9-d28b3c7ea347
ethanhty,10f50556-e8ff-43e3-bbd4-f9103e142190
etmew2348,e568e325-b9aa-4484-9cf1-25f7528fc21a
eveexd,45822c5b-003d-4d50-9a81-74e58d6504ad
evelkenivel,aa1c4612-d1f4-483d-b6d5-d734563d4edb
evilcheata,587a3355-d0c6-49f4-9d83-b95c2a482f1f
evillittlething,d5888bee-0de7-498e-9f93-39b9038f7ef9
evo1ove,c350295d-739f-495d-a018-3dacb45a47d6
evorwrecky,fb519503-557c-4b93-ab0d-986833c19ede
ewoutjelle,f14dba96-d50d-4e68-a0d5-d3dd1e6e45ac
exelirate53,7398b3ec-4380-433b-9b4b-4345cf852a68
exeyelius,24b9a629-3909-3bcb-9c7a-b8002a03613f
explorman7656,b16689e8-ce52-45b7-9e02-baad7fbf1126
facepunch1265,c58cdf1d-1845-3090-95cf-d4ae0ba51149
fanetheromeo,c2865e71-6492-4673-b753-c8475638c8f6
fangkitty,4a89bf6a-19a0-4264-bd96-628baa147b78
fantastico101,26953de1-bc27-339f-b30e-fdcbdb1439c2
farlong710,f12cd1b1-6faf-3f6b-90b3-f80e03c880e4
fathergaben,0ae680a7-36ca-4143-b3ac-e4b9152e2584
feajack,d2a08447-85cf-4f60-859a-4af3365d5510
feo80,8a02304e-8e44-4668-abb9-a17ecab58dfd
fergy_boy,cb6d7fcc-e9df-48e4-b89e-377d638ba704
ffwjgross,4c907d31-9d9c-4212-b28f-9e6551a5be4b
fickles,6b0c68d6-2d28-4aac-80cd-4ddfc8a664dd
fiercegiraffes,c70751d2-7e9e-4aa6-a722-be08775d0400
fifatord,2684ae51-18fa-479f-a1aa-ba202a4a56fa
fillin3,9fcaf368-0bfc-44a5-8fda-1379251a30a2
finnmaster34,61f928e1-dd63-4ab3-b1d0-261963a179da
fireassasin16945,f1f0d10c-2a6d-36ca-860a-e168e36e273e
firebluephoenix,b2e3de66-bbb8-3b12-ad28-38f991d48ac0
firecracker1345,f974e84c-dcd0-44d7-aa5a-ec8c59e34785
firedemonde,03d88958-afd9-4ff6-aa33-d3b4fc24f4e2
fireflame335,4810ac61-1e0d-43ea-a812-3e10d72c2249
fireknight92,a2bb1003-2011-405b-b10a-1814c4dcd4f0
firelouismaster,aa10a78f-5312-3d47-bb47-efbc91799fd6
firemaker8,eed808a3-0fdf-43f8-9b06-ca81c33193f5
fireonionz,baece76e-f034-4762-87f0-1f433ee51573
firesworn11,c92682ed-6b61-4e92-8fe3-3bd5b3ecb7dd
fishymatt,0e1949e1-05b5-4062-b982-f50a7fe6f8ee
fisnai,bf120744-f8f3-421b-9ca0-8350cdb55715
fivehandedchimp,42f21e99-ad82-4ea7-89c9-b985b4b96606
fizzy_09,f5c29f7b-8c92-41de-af27-891d3452787f
fkudude,47017d1a-6b6c-4435-aab3-19f1477a8887
flabrolls,0c110552-c654-48a9-947d-72742e13b6c5
flame2001,3b1e1245-850b-4bac-923c-dbfbc4274619
flame_1000,869d60b3-58a4-4ddd-b84e-27848a514ee6
flameboy116,4a69378d-fd50-4da6-8ae8-c6bb3ad0da22
flamer2378,d33b198c-a27c-4308-bac5-e4f30ccd5034
flaminafro78,c2e1262c-4562-4ed1-b57a-3be4c8eaee36
flamingavenger,6c787222-689a-4c57-a716-ccb4a8984d63
fle129,d493c72b-d4db-41e7-9f39-d58e4032df94
flomobeast,8c0b0708-fff5-4558-91b8-9521b7695994
floordieperink1,5a51a545-48fa-35c7-82d0-4576689dab0a
fluffypawgirl123,f00155f2-cf6a-4789-a67b-5a925c694d37
fluttershy1116,044d42bc-7854-426e-9ec0-1fc068f6b4d7
folksam,1a10144b-3379-3e10-9bae-9055be826e39
forddude04,77d0ae0e-03c7-4836-a43e-fd30e53f1faf
forsakenledgic,b22fb3fe-be5a-4b09-b3ea-d84143b53a76
foto3dit0r,9ee6f888-3092-3254-b9b8-1d6c0215612b
foxtrotmc,b77f0479-44a1-3106-b7a6-bbe17ae62d0e
foxx9616,3a842905-056b-4e6d-9831-2dbadaf52c50
francoelias10,96566ac9-fb9d-46d6-917b-49cfeabd2606
freakthe23,bb6a368d-d6e3-4f82-9e30-4e0e7c2279c1
fredy418,401def98-9f5f-3dd4-8371-e299a18d0bfc
fredy6906,5800485f-c67b-41db-be1a-b9bbded4ef61
freeman_chris36_,d6bf55df-c667-3ba4-b0a1-00a1a2ab32d0
freemanman1,7e6337d2-9287-42b8-a15b-cf9213defcb2
freesbe,b4f89c3e-a029-457f-bd56-6c8e02d98672
fritzracer999,1bca52cd-d297-47fe-9680-ff19f5bc5594
frizen246,35d3fcd7-1d87-4ae0-8dd7-7bb2c6cbc221
frosty_tacos,0965fdd8-3841-42fd-bf90-a59119713905
fudgeantor,149ff6a2-0627-4400-ba5e-879bf5e49e7d
fugleee,f2beb6d3-661d-47e4-9674-339f8dd85266
fuhscinating,8083598f-fc2f-4523-a594-f5120bfe47e1
funfry,a8f6a88a-331d-441f-83f2-2df78b0da6e4
funnibunz,bf1331df-edf9-4a58-8d77-b6ce89d1c02e
funnybunny101234,b01e5a6c-fcf2-45e2-a622-e9b2771e9eb8
furyxskullz,8f8a49d3-01e7-498d-90eb-2dee1f48a6b4
fusiongamer_mc,7b1c04f8-52b5-33e3-a231-a31c3ebf466d
fuyumiaya,58991ec9-9166-3347-b685-96a234269dc9
fuzzychipmunk28,38ce8d4f-86df-4dfa-aaf5-b5cc70e18292
fwaaar,231183d0-d453-3d45-b7b2-ff59296976c4
fwiter,30fa35a4-bfb6-4e79-8206-5d63664819f8
g_i_a_n_l_u_c_a,fcfe0002-931a-4545-93f0-e34341e41e6f
g_unit1510,5993a136-b675-3ed8-a490-a35c5a9429f6
ga_boo_ga,2d2acb35-d697-4de6-a1d2-3563c4d66dbc
gabeofthrones,8f3c7278-fb4b-4b35-8927-72658e724d1b
gabetheskeleton,face1c70-4076-3c8e-85d5-5fb9ee5f6950
gabry2s,b4210e40-160f-44df-b788-b7e8850648cf
gabysio,c0a12acb-c2a6-4a41-a09f-b168b9f7f283
gadgetboymc,23fcd3f7-f39c-4fa5-af0f-5a552a6c1e36
gainesgirl,da890bce-0693-49c5-bdbd-28f0fb0759c5
game_on_girl0099,eea274da-287e-467b-aa5a-1d911cf7ffe7
gamen1101,1e4de58e-5021-4cd1-906c-1f38e689e6b0
gamerguy2506,963e6a68-1199-419e-abb6-2e01eb4fe2dd
gamerkatland,fb0bd3fa-e7a8-3b10-9905-210a2669adce
gaminggirl_503,a6ee21b8-9612-4538-a6bf-b0cfb07b320b
gamr_grl13,3453d847-42ca-42b2-b10e-8d51a4b8e3cc
gannon16,9c746815-3d91-4278-9ca7-a3d3dc5ab663
geekwithachick,c68ea7fb-1e0d-3b7f-89f0-ae59b39d3985
genderblender13,ad6c9892-2b44-4294-9dda-b45f13b5c29a
general_silvio,7e5f4b99-1256-4c84-8992-da95c439dfca
general_xblnss,56998a2e-7857-44f2-9557-e97ce891564b
geneticgold,48b57ee1-8bdb-4456-9b05-369ac5dd2a2e
genrl_slowskiii,213e2cb3-f6a8-4331-bf58-0601df9a92ca
geovannythegamer,130baa33-67c3-4fc6-812d-a0f554fa7cd3
gerald_fenwick,9860ff32-d632-43a7-8509-6cc8de17216d
gese20,285dfbc4-db9f-4cf3-a745-6cb3ddb209e9
ggbossaru27,b1b540d3-7035-4d30-9f07-e080d82b6540
gho5thunt3r,15d88ca5-e58e-3e7a-809a-0d8805d1a50a
ghost482,2b545ded-fe3b-3a04-befd-6c58ef37e814
ghostryder05,41e00f64-c477-46f8-ba0a-1d820411b80c
gianna5703,44b07bd9-a1b2-4965-a243-43692d1735a4
giggle_teehee,93bf5278-0d7b-47ac-9cef-de208fc72b49
gir21,1aaafa00-0186-486a-a35a-9a66d6d59594
giraffe19,bf470b9d-7d2a-4904-bc79-4a2c9ee05c3c
girlepicness,3f72ddaa-3a8c-3905-ae52-a888c197be22
girlhoneybadger,1255e1f7-9d08-42c2-9067-df4d76a5771b
girlygamer5637,9f3a9a4f-4fb0-4063-b21c-145d43510b90
glitchgriff,ac59d021-076e-4f06-bd5c-f2b4abb9917f
gman0223,bd1fb9d1-5be7-4cdc-b78b-17f6fbad048a
gman192,3c715f10-9768-3dce-97c3-ab3faa2e7336
gmansocool,64a0a5b0-77fd-46b5-942f-a5eb4acbae68
gmeren11,ec4eccc8-1aca-41c4-8688-b557fe531da7
godzilla2973,93ff29c3-5a89-4c7a-813b-73e6e2090536
goku0977,042c1d10-f2bc-4e7e-a94f-906080c4ef1e
gokuplayer333,d1920f67-3503-48d7-9a9f-480f58814b9f
gold2232,716d7302-feea-47dd-b321-e4508a35d9bc
goldberg69,dbcdd481-4d54-3ae5-9c5c-1ff4ed844eb7
goldchooch,2d2985e4-944d-4f6b-bcc3-51e7a8b81bd7
golden_bapple,3608e58a-7dc5-420b-8959-abd5372e9c7f
golumpa,fd0814f3-2ef3-42ff-a936-a0f9c6a2b20f
gotwo121,27b98a14-8939-3b5a-bb75-b84e765bcb8f
gourneyz,876de012-e62e-4971-b815-71f9a5f63079
graciee3,b8c67fee-652e-4d83-9fd4-332e676ef54b
grantbellah,e97998a6-f2e3-45ba-b523-6a8f9e2d3daf
grape_of_death,a148fffd-6e1e-451d-b010-bfbfd3409d74
greekcrafter1234,996f794e-a126-4e00-9add-280b5f0eaeb6
green11,f0db2f51-b275-4810-9121-3d2a0c8e4581
greengir456,a353d12c-7b03-3b5a-9c46-9902e6c86321
greenpanther6,c8f0aec8-19c3-487d-9656-b6f0ae0ad437
grendillo,9e58fc71-ef60-3fdd-baba-d8d1978e2246
greyhelm,d26aa844-1dd3-4a37-8261-3a57e1bffc51
grimgage,dcb510f5-9daa-4763-8d3d-34c7db69bd32
griphion,17a51dbd-8ea9-3df4-94b3-1dc59b554f24
growlingbadger,6063ee56-536d-346c-b60f-0e6ebae2a1c5
grumpy6879,b8bef30e-c972-4b12-9834-245f06d1dc73
grunt_grunt,0cb25837-8f2e-4d1d-9911-211f72988192
grussly782,44e3fa47-3b8d-4b74-b412-310a698c2d55
gsimmons123,8a53d9ac-6fb2-47c7-95d9-f5a72e8c58b7
gtgoodwin,2e3d0714-1ac6-47c3-9bb2-a795e6decd03
guavagirl,9e4accda-2da9-41a9-8b58-bf6f0482ae19
gubulu,217b545f-9cd7-365d-a0da-f5ddcad95bf8
guesswhoilikelol,b10aae57-c0cd-492f-b8f2-bd8f25778361
guggeowns,c21fc6e5-0f9f-42a5-bb17-06d84ff11696
guillermojs2003,3d656cb8-ec55-3a49-be5c-77f24d677ef0
gummibirr,5b2bf456-9bce-3606-8058-d166b5e628a4
gundam9000,e403e549-91cf-4269-ac3a-c9f18362d43f
gussy05,950d8d97-4195-429f-839b-d65b7782b90b
gutwrench213,e89289e0-3059-3753-94ea-2a69d39e4e04
gvardi,e48e65ca-273e-4bfb-a94b-f6f999d1bdc6
h2so4,b56dedfa-ce34-4764-9b19-7b4d60e77873
hachibell,c5534831-cd44-31a4-9211-5262e899894d
hackharvester,0d3c3ea1-a69e-46ed-95cf-637a70caffb5
hades3000,a9db248b-d3a1-42a7-b26b-94502c4979ed
hairfrog,d7dfffa7-78fe-42e4-8b4c-c169cf226d1a
hallomar,784b7a10-8448-4bbf-8bec-8f10776b05ba
halo227733,3d34497f-c199-4152-9cce-1b6ed4417675
halo6598,6a855546-c8ba-3056-927e-b9606fe87b60
halo_200,ce286335-234b-40ed-9570-ab093f1253e0
halowarrior187,205433aa-c02e-4314-b735-be80dfaacfde
hambo2123,eb203dba-45d6-43fe-97c3-0ea4e691206e
hank_the_devil,72b2248b-e0c0-408a-9bb2-d279c500e716
hardforsteven,6d2aa857-f15b-4e58-8f06-d7449c659860
harrison124,b50db12d-9d86-4740-9b59-be5a16ce3b4c
harrisonhorne,a2bf0936-0cfa-4102-b05d-93a342b7550a
harrisonmartin,5ed45de7-09bf-4fa0-bd79-13e4b76aab8e
hatman187,6810c2d4-4fe7-33a8-b5c5-179894a7e861
heiising,653dd23e-1bbb-435b-9a7a-44a90db6f2ca
hellzkitten,61bfd66f-09ff-4fb0-a4f1-a007caee6e0b
henri5,b43d6862-f136-4966-b6bc-0f1416b0ceb6
herobrine78076,576659aa-d022-456f-bc49-d15f4ea19dc4
herobrinejorn,1deb5e06-677b-46a1-82b6-b6b498dafcd0
hersheypow,82220fed-436b-477e-8ed3-13ec134529b9
hexorbiody,b3a22491-b6f3-403e-85e2-b1ed0e484d7b
hgfrink27,bed0c3bc-c402-4a48-a6f3-f801c8a1f5d7
hikoyufsyuh,5ccfa5eb-467d-4795-b176-5bd5c4de4646
hipnotist,e1952a91-1256-498c-91c6-85b016feea2c
hirule,69fa5689-615f-4787-a824-80291b4b86d1
hiwereawesome,04140df8-92a5-3f4f-b550-c765a69bcc89
hobbitsyfeet,5f23e3c6-b592-4e1c-bb7a-66b4424c36f8
hockeyman189,510420de-fa93-3fbe-9997-995ce0a81ce4
hogwartswitch,114b73d0-bdf8-475b-9361-9c6ac33915a7
hollowflame,02c86c22-ca77-4d43-8320-f22a0a2611a5
hollowheart18,dd1a6ba0-028d-4db9-aad2-04e5c937b2a3
homedog10doesmc,03a3ce4e-7680-4ae8-85b7-d90866630a7f
horrorlover611,06894ef7-55f4-4007-bf13-6298833f3e58
hotpotato63,a897dca5-9354-4c70-a4a1-b53d892013b6
howie_cowy,c25721d1-ddb3-4a51-a524-8200974d992d
howlthecat,00d075cd-d27a-3088-98dc-5aa56b81eb58
hsad_wobniar,a6f17f4d-c745-4057-9976-232ca4c9de6f
huffthereefer,af0efeb9-a444-4769-a9b4-daf776047a0a
hunter5339,429f7248-9e3d-4153-ab15-d2c758e86602
hunterboy57,d6a13032-42ac-4fc5-b509-52f40d26b782
huntercris,4abd32f2-ab19-4d53-80a6-a997519de9b7
huntsmania,33438218-b046-491a-8c32-732292d7e469
hurbert101,d9b429be-2142-391b-99e5-5ffa124309c6
hushjay,b06bd8b6-4b06-414e-a3c8-c0c6227fcbb6
huwgoagogo11,96b3d5bc-c455-4d7d-9f74-bf26c014d635
iamdaniel90,2c7175cc-df6d-3b63-bb50-5fdec988a719
iamdaydreamer,a282eea9-eb6f-4faa-8ef1-5a6bed7eef0e
iamnotcrazee,223dea4f-65b2-42eb-8396-4630366daf4f
iamtheone310,2a3e90a4-83fe-42f3-bff5-8c6f6aef9545
ianhu,6287e07e-82a7-4a88-b179-ef6e1bedd3ae
ibey661,f0c3e5cb-e651-4ab9-aef3-eb5edc721034
ic0rers,dc78c55b-e8e9-3f1e-86a3-0859d6244b2a
icedragongirly,f6194a2e-c8ca-3a3f-a6f5-350d6c098467
icegamer94,f0ded7db-bf2a-32ee-a112-ac370527cf78
icespot744,d78121cf-e92d-489c-9cac-10224ebfc40f
idafox,d3032e18-6e10-406c-ad51-3ca2e17e1c18
ieaturcrayons2,8a9e2180-8058-49c5-8580-83263c148999
ifox24,f36368f0-47ff-3001-845b-6637b97e32b7
ihavegayballs,f66122c8-8bbf-3ecf-ac47-62d141c3b163
iiicautioniii,dfe73550-e48d-4a5d-8118-6203844a87a2
ikewarrior36,ad0f1489-edc8-4c66-915c-0d0dae25a67d
ikz_,c40de002-615f-4883-bc4b-c32d1ab1909f
ilfyri,682ded59-b407-4909-8a60-f635c909a9eb
ilove_elephants,57d27051-833b-4e01-afde-1d75a6ed03fa
ilovemyturtles12,37c75073-2ea9-480a-88f7-b8fa26b6f95a
ilovenotch123,673b55dc-e854-3679-ba7d-6f0d85ab1c4d
im_fabolus,7e916eb0-28da-497a-a900-6869939dde86
imguss,3d56cabf-b63d-466f-ab5c-d32be56efc29
imjamber,41ac5845-e510-4d01-8fea-fb6b600aa4fe
imnottatree,dd04d194-7935-4e59-86a0-34b15f081bff
imperatorlegit,f31c736d-ba30-47dc-bab6-35618f25e1c9
imran_mc,5e8ec6e5-9014-3cdb-98e9-3bc59a9337dc
imsexynuknowit,087bc7ae-66de-4268-b474-3d7feb0822aa
imthesquid,37581481-7b85-470c-8027-1a11c6514ddc
imtotoro,a6f17f4d-c745-4057-9976-232ca4c9de6f
imzpig,5f96bd84-16c3-3cc8-b84a-445bb170f082
incredible14,8064f970-4a54-3bb5-b438-3730aa38c529
infiniterose,a03899f9-0f3a-4b84-9bfe-20f656c36d1e
inoek,f8ec8ded-2457-4816-a33d-de19e7c7d0b9
interprise,ab2034bd-5556-4d18-bf33-c79f4eebce23
ip,5cb6ab59-73ec-3936-8a68-04535ecc7630
iphown,85c674f4-f8f0-4b50-b206-f3057d443132
iplayonexpert73,13a7d6e4-d108-48be-b221-7d8115588058
iproblanchard,9480bcef-8465-4c00-a681-eb740aecd4ed
irontroy6,3090302e-a815-349c-a83e-69bbef732747
isehsiex,a9578568-d5e5-43fb-96b4-7c0e192b9c5c
israphella1234,efb51ba9-2b38-4654-95e9-3350180ace52
issi4,5129397c-c175-4307-9827-b6a7ab125387
its_gamingzombie,fb64bb8e-c0ac-3cd3-82f2-29c0d684871d
its_me_javi,f90843b2-3934-36fd-8a56-405eb3b3d6e5
itsdanielbro,28cb7f00-76c4-41d8-9dd7-a1368add49b4
itsjanbro,279bc456-4d06-4461-b891-e9f50d7f1449
ittrio,bc7854aa-13ed-4d93-9cf3-c86b9ee2ef93
iultrawalrus,62d0e493-d2d6-43b4-9e90-b66b89c7c554
ivandice,4a9792a8-d245-4375-beed-8f990356c5cd
ivioneyshot,7a9ab451-5edf-4d90-ba74-f0a567d0dc08
ivou3,de45509a-488f-4502-b6a2-6840fc051d72
ivoveey,53c29dd3-0afe-4cc5-9004-7db65a542b3b
izzyc2003,38aaf497-b5ce-49d8-be29-e67d25d87f7d
j6767,ad9cc9ba-7210-4aac-afc6-e44443fa7a35
j_anna,4514e28e-4e36-4022-be32-fac3270b9680
j_dog188,83138c06-71cf-4af1-a62a-6094ad2605c8
jack_d_2012,f17d8e82-007f-4804-9556-01f062b3d73f
jackchaos12,28df5e6f-2efe-413f-9e5f-fbb4922311f1
jackporter868,e88ade34-8ed1-3288-b2d2-7a660b92436f
jacksonfart,f9ba3b98-025a-4f39-8b4d-e89719d31bfa
jackthekidrj,7ba56188-add7-4d4a-81b6-7aa09cd5aff4
jacktheninja123,9752595d-af82-449d-8fb7-1306f1f06894
jackwagon1239,85882e1a-5bba-4f0c-bd84-f506c3f27d42
jackwannsee,6b8e869d-45c0-307a-854c-c89974c35bde
jacoblittle2001,fde10791-9b56-47a4-b368-71aafdaf0c71
jaden0714_vdw,9ff5792e-0fb5-4243-b206-29e1ddc3ef3f
jagerjohns,19fca33e-05b2-3fa3-943c-e1d5bac90b13
jakersykel,914ca828-a409-4c60-a403-7f0302a1cd63
james00754,0f8ead07-7d9c-4e2e-8d7e-64fb733f32bc
jameyporter28,9f2f4c11-8543-4236-acf0-6fc5daa623e2
jamiejoe99,26c52d3f-8134-4f53-bcac-0427880bd5c4
jammyboy112,2d0fe667-2c74-4e89-aa0d-5fbe7b2fed0e
jarjar1313,16b5468c-d288-440e-ac62-13802e6f85df
jaronc,f2a647a9-3944-4230-9b9f-eb2bad73e7c0
jarret_simmons,50d128e3-b8e0-47aa-8ca4-88e34a4003a8
jasonjohndsi,d6c3400a-86c7-4f97-9ae0-bf39c78f49c7
jasper112,4c8c969d-fdc2-4e5d-8c83-caf07aff227a
javierm10,f62d73b8-6f2d-4076-83c2-e4d4aa696dd3
jawripper01,3c8cfdb1-2e6b-49aa-9254-0b99fec22398
jax_craft_10,33664910-6052-4f07-bda7-82a6b3aea469
jaybros2,3a316f54-2ad3-401f-8393-17b2273a9cdc
jazzwalgar,1181143d-e2a1-438c-ab4c-f5516010b5c4
jbell77,b5b4acc3-5abb-4d4e-8637-c34f9c5540d3
jbk1,ae9c71d5-143e-4d84-9ebf-66da0da0240a
jboy07,f4c3c514-83d2-361d-b238-a6bf0c0a79ce
jboyz2,b9926980-a583-4981-93b3-5ead5114f0b0
jbrooks01,72c11904-5a15-4d6b-b376-cd8ce52845c8
jcp06,ce272b4b-be3f-4c2b-857f-b74af8132ffd
jcsmooth1217,e8a96804-1099-4ed9-a43e-2e2ecc8cf4e0
jd2121,c3fd6200-c0de-45c6-9537-e3b14bddaa88
jedinick99,7f03dc90-c322-4b8c-ac12-77fdcb8e124d
jelax_relax,7e158c83-44a5-42b9-9478-1e9dd9217b1c
jeliwa,6172bca6-9e7f-45a5-87e6-21c72c43b6d9
jeljel2000,e47dca5b-e70a-3fff-a7f4-a0d64a4fc3e8
jemz_bond,871698e1-fde9-44d8-a3fa-b47c6b8ed93a
jennn_xoxo,e324a32f-120a-4bb8-b810-d6169bf3a44a
jessica8900,f77b4269-130d-3e57-9773-66cccff0fec5
jessicalily,96b44094-f9a5-43c5-906c-b168adf56a24
jessiemac,d2c15df9-b13c-423c-8023-86cd84b1a130
jesusisbest12,5d1ce0e3-2424-46a9-ab5d-b6a85ab88773
jewbacca_chews,d1bdc5bb-415a-4d3b-92e3-fbf9f1755b4b
jfkjfk,4ab2974a-983b-3354-9591-29c10e03f21f
jgbgabe,c232024b-1dc0-493c-a6dc-c1db777df236
jimmytheminer123,2db66d30-2d1f-4d3a-a330-9146a4b90a90
jj_pixlcast,557a7420-b910-477c-9e39-dafa36285659
jjnews,adac3bd6-f442-4312-8faf-3c62c4dd188b
jklaw1,f93ed08b-a252-455a-a41b-0b19dbffc0ef
jman620,7a321615-2679-494c-bccc-0123aa7836d0
joacoman000,77ea797d-fde2-42ed-ae04-98540e8229f2
joelvr11,521ce0da-1180-464f-aaac-2968189c4c1d
joeskaric148,e547a29c-1514-4199-a657-4b797b9095a7
john5441,7fc70c70-e373-4148-b5f3-2fd5d80255cd
johnsmines,1ae94fb8-84b8-4693-acd0-f7b7b299bcde
jomexer,3a130e90-f729-3592-96a2-e8c9eb910042
jonatan_pro,3e8092c9-3c2f-4f2e-a435-4f3fb936323a
jonny9888,a35a3afd-c57b-3c2c-a246-ce3b2d8ab039
jools117,12813630-b2de-4336-8038-4250ae19936d
jordan101104,39a6003f-ef3c-4c9d-9b16-384a908865c2
jordonhigginson,bd843828-c1cb-4761-91c3-d9ff5a13e9a6
jorjadabest,8303a020-6840-4713-bafe-89a0f71e7117
joseph8292,83ac2176-5f2a-40fb-b717-be2de6303330
josephadee,b5b89491-3b40-42c6-a95b-ee063075646e
josephflan,12a17c9f-cb23-44a3-94cc-564294cef920
joshcamas,fb9c98f1-884c-4698-a834-0830169f8562
joshman1232,5587a5b3-2fb7-493a-8f61-685d2ec3c17d
joshmeeyo,5939358c-8640-4f01-bdb4-79c22696faef
joshua9099,d6cef2e6-415f-4f89-8ed9-7e0fe64efc8e
joshuaai,3d484bd2-240d-3db0-9c71-4ec8263c1b20
joshuachenmc,9dbc7489-2658-4423-8f55-138b9c2adef3
joyboy801,dff52ebc-4ea0-4a89-b536-4ab2d2e4abc1
jraddle,bf58f527-e951-4741-9e45-29ed0ac8e987
jrd3044,4975d639-52df-4409-86d4-aadcc69f1b93
js_tornado,2690de8a-6523-4e0b-afbc-a8908e428674
jth2craft05,6523d423-4d60-412f-978a-92789928ebe1
jtramirez94,2dad3456-e2fe-3f4f-96c0-157aa13e311d
juanminecraftt,a992f103-cacf-4742-a591-1da8400d663c
juicebox0011,9c75362c-ab26-4c4b-b727-b371813c7688
juicebox182,b6e2ec53-99c7-325b-a837-5e59247f52a9
juicyjaffa,89c3c2ae-6a1a-32b5-a70d-0d28859fd86e
juliaedi,60dc4a10-ee37-451b-b656-df70081c9cd2
juneberries,b6a37760-3759-3bfd-920e-a6c1897ae764
junkstermc,b5ae4d07-3531-4eb7-996e-e22b52c00356
jurter91,747689aa-79d2-4848-b72f-753e11a227d2
justbekause,adf2da38-329e-3dc8-83c8-f222f024e2cd
justknowigame,1485cd00-2364-4fc6-9af0-1f1bbf1a9780
jwazo4384,3e304f38-7e0b-4f58-b55d-33d37d129ec2
kabamoa,865a4bb3-483d-46ee-8b76-8e2c61a4a333
kaichase2003,ec303379-dc7f-3e1a-9696-ae0942fabbdc
kaiser8812,1f6b40fb-0c50-46a8-92b6-4922dea465c6
kaitacat,5df11b7f-2e26-3c2a-b5b0-64e2a8a45b96
kalinzin,3279afae-db50-4a89-ba4e-c7f9dd2f593a
kalpurnia1234,21841ac3-e696-4abd-8378-01dc40f31ed2
kameleon_cirkit,0f171a96-dbc1-4b5c-baab-749451143962
karate_kid714,7f78615a-1da1-4529-8407-2e10a06206ad
karen8520,dad845b9-3211-4bbf-8a88-ae27a1bc7649
karien_trol,b0117f81-c0da-334f-bb1c-c4ac01eba7da
karlontherocks,1216aad8-1cec-3250-9ba0-dcbac37e5054
karol__anne,d60ad216-a417-4ed2-83fb-887d5ac2ec58
katekitkat9,75254e70-9b7e-4a08-85cb-4a7c912a087a
katekitty2000,8b476895-83b6-4d35-9c8c-4f5729e14679
katelynb,35261d4a-03e7-46bf-b9b5-0273bc842e99
katherinewheel,c0cf6cb8-86e3-4a6e-996c-e55722219314
katpop,265b102c-0689-3658-891b-1f9eb2273625
kayla_hd,9578c5d5-eb75-340b-93ec-67f2b68d6fa7
kayla_madison,00bf1724-e90d-4d20-9c03-90e253d6ee8e
kazzar123,43c7df6b-ee73-4d39-9392-944d9f707d84
kcidymkcus,f203caac-b6c2-4b37-86fb-01a2e6bea858
kd36,9d67d843-cd99-451e-a359-a0d70d469eab
kellynv,49d2eeb2-3e1c-42ba-8b4e-de61263bff08
keorg129,520f3cf5-c295-4137-ab2a-ce7ce7a92529
kevin____g,21d7cf65-dd8b-4ec1-99cc-24a4f9466099
kevlau72300,ed320be8-96c2-43fb-872f-613aac67d363
kewldan,50441e5b-7a26-47da-9526-069f2abd89df
kickass_rainbow,84b4bf22-701d-45e2-8101-7abfa8d92136
kidtitan1,6cb1752e-2474-407e-9441-ddd83ffb5dda
kiezeph,1e218507-5f18-4557-9b08-f53b243d5332
kigntthekid55,731868a1-efff-40f3-8d40-f412f10c81ff
kill_blood_link,474c3fb3-1266-3618-a0a5-0133f12777e8
killer21000,95578d78-da4f-485f-9b76-50f2441b8f31
killer777888999,003aea6a-e2ef-4ebd-b0fd-b695e795b495
killerkittinz,1b7de507-fc7b-48db-b581-d87f7f02a4ac
killerkooly,1799f36c-169c-4ceb-964b-2e8b73124363
killerpickles26,9215811e-339e-41df-b41e-30da56bd0338
killinaidan,e578437a-b867-3220-9d34-c1b2cc30564c
killkeenny21,40edf8b1-ff2f-4726-be40-93831b52db43
killrrog,3838e5c4-c958-4028-938f-7d732278c579
kilosphere,0da34bf5-02f8-44ab-aedf-c77c5aff1b0c
kinasaka,7771ed97-aae2-3ea9-b104-4a3889d94920
kindlyrude4,9127fdb8-05a3-4e2b-bc9a-cf4d94511207
king_james3,675e265b-b6fd-377b-9cc2-d040e3e6be0a
kingcole436,c35ed2bf-f119-4039-bb39-fb932780bfe9
kingjosiah02,71ca650f-fcf3-4cc8-947b-b7b7d15316e2
kingkitkat69,c5392a84-815e-4bfc-ac4e-22c46f269e0f
kingofthechicken,19c55fcc-845d-40a8-8dab-440f6488a643
kingsofkraft11,39e0c379-c964-4349-a942-72a673568018
kiryll101,80c131fe-f9c9-3a0a-aa0e-d27ab7042ab8
kisscium,ff2bf5f8-0e17-4441-801d-1e6678d09078
kitt3nlov3r,f21a787c-dcb7-436e-9a04-21eef82d0554
kittenfrenzi,4cf05d60-c952-4713-bcb0-8d6a9efe294f
klappstyra,f4e00d17-691e-3d01-8da9-d6d8a4c82b3d
kobaldemon,1b57f42d-7cab-40be-978f-9a9f23badf2b
koewolf,93a0df6a-bb6a-49c4-9cdf-4c9706c2e52d
kolbyjd,ba916189-2995-4a89-9532-3a1dfa8ec901
koolsoul,c6aec401-d575-4810-a879-28a5666a7aaa
koopoo563,66061083-d9b5-4496-913d-39c9805212e6
kopkillah911,994c927a-1c92-4888-b6e5-540f69ac4312
korey004,3eca07f4-9981-4609-81b5-dc72480d01dd
kotagrizzly,ddeca425-6f6e-487e-a030-98ade84fba9b
kr33p3r1000,165ac29d-d5c8-3c22-b633-b9b3522104c3
kristinap1101,d35e214c-d518-3d47-9a42-c14b127ae0c6
kristycream,81b338a2-ac4b-4a89-98b1-9f370ee84faa
kstateking,40661905-4de6-349e-a019-a44137c6fbcf
kudner,21c32e4a-14d3-46eb-8d88-7132f200320f
kunudbrandt,893fa2b0-71c2-44c4-adce-cee31f88e8b9
kvq_play,c7aae94b-ebf5-4b55-ad33-ebc3e2ecaff2
kylevanrooyen,e57704e6-e019-460f-9797-6cdb9b3b0b11
kylewaring12345,0dd6b309-b79f-4a6e-8c32-1912307887e7
kyokokat,b477454d-6838-4449-ae80-9c0f3357511f
lacerfacerxd,c976d306-b634-40d3-b0eb-e7a0cfb832c1
laladoll,58e17f83-e095-355b-bbcb-9800100d7cd1
lamboboy63,7582d828-a0c2-48c4-80b5-45074bda41f9
lambocreeper,95995953-d5e9-4389-97bb-c309c37bec1a
lampshades,f7191a79-5aac-4f6a-8673-9ed548ffbc8b
laserman901,22663dc8-b491-45e9-9805-c7439d48db45
lastblok,94e72392-e0d8-4241-a2e8-8b2f0d39715d
laughinglioness,5a2ed046-50eb-4373-9ae9-565f512c8225
laursen8899,d9191d0f-8b80-45e2-9996-ecfd50d8a2ca
lavamminer22,1f805d3a-caba-4341-9285-8a516bb483e4
lavicie,96e18c93-e611-4295-b0e8-d00f98c80713
lawnborg,029f6f59-16af-4576-8e7c-7f8c96c4528f
lazermam45,e1d559d8-eead-4a27-a955-4fd0d6a80bc7
ldegroodt115,0bd9e203-0d7b-4769-bf75-8038b355b993
leachminer,0456af88-e7f0-43d6-837d-ef0801169376
leafy4871,e346a7cd-879f-30e5-9037-85ca51ad62f3
leaim2479,28a01da4-197e-4e89-be97-569f34a27517
leanderleland,b3821950-4b04-487b-828c-89bc090b9560
lebronjames74,5e784368-0fa3-42d1-965d-f72a0cb14e82
leedle852,ac4a0f23-0682-4911-a0c9-b4eebd2f5c6e
legendcraft1235,7a8b39b7-9538-4fab-925e-aa8657cfc7a2
legez,254e36ee-6514-4103-a683-d1aa83d988d5
lego7711,53d44d01-4598-4551-a41c-8b332f9c5eb1
lelepay,89f27bd7-52a8-3197-b6b6-6b58b42f772e
lemoncraft91,652f1d32-6cf2-3a4b-8d04-adf40db67f66
leopard044,df52af62-978b-4963-8193-d1e5af201ac8
lethalminecraft,944464a7-3898-3f2b-b23d-bffe1d0d4807
lewisbran,d52bd77f-e11c-3471-8975-8ce05d549522
lewvegas,6193fef8-3ecd-4c76-97b7-644d12b09c6b
lexiefox,b8d44f8f-8967-47a5-9f0f-a8d6f04be302
lheiff,8310a5c8-37d9-4b26-b715-2b4a16701850
lighteningthrash,97252442-afda-46f5-86f9-93e48e63562e
liilgg,902f2815-95e7-458e-9aaa-7e6517432026
likeaboss2004,230a1921-b839-35a7-bcad-f220285edc27
lil_man9001,fc14617c-b771-4e95-8664-f2620b63b88a
lil_twisted2,cc0d916b-9167-4f86-afa9-572b6be28aee
lilbabybongos,a43bf673-569d-4ac6-a3c7-e624aba68836
lilebola1,ae6e612e-becb-4708-93b5-01759496577e
lilmiklo916,11f3f632-e76c-3fce-9bec-938eede875ef
lilyp_3,eccb9ca1-e173-4a42-9f5b-1186610f683c
limegun,a716d402-3bbd-46cf-ba3b-585c8c8ff2a8
liogamez_hd,c7d9a5d9-7ce1-4a46-bf03-3fd4478376be
lite012,22e36b87-0f67-41ce-b28b-a441c4dba201
little_goddess,b565e953-989b-4e82-988e-ea03860ebd89
little_pinkie,ed26321f-f9eb-4189-b7e4-8519cd7e8633
littlegreenman54,2643f302-ca4b-4082-b8f8-19086b2e76e1
littlemizkris,39461713-5a47-40fe-a52b-c6f20a17e067
lizard44,72c5cc56-56ba-4937-ac58-995ae25bbedb
lizy_wize,a1d0e51d-b23c-4d28-88bb-90c293a99241
lizz150,d790d593-ff33-4df0-9157-4c9f636ebdb6
llyshanevaeh,5b344ed2-b25b-4042-9290-eb95257ad670
loadedmustard,a5543318-ae5c-372f-9b9d-8fa1561441c1
loco_pop,84c96a5e-9c10-482b-946e-cde86a61dfe3
logan1234123,c5ac8eab-ae1c-4396-9083-2cd547081581
loganlaw,6d72ded4-59e7-4448-a5c3-1e5022f4f453
logster1012,3fec7589-ff11-3227-be30-2b4689636f7b
lol_dud,387a58ca-0600-3090-b265-e8cce2251fd4
lolcat003,9f030171-a132-4f24-8cdb-5a3e8d7fad08
lolerguy123,7202fe56-1bb8-476b-883d-be5ff74b0a8f
lolsking_the_2nd,19571d53-e8e4-3ad7-9037-e056e10771a7
lonewolf1599,0b92bbe1-7e8b-4ae4-8f95-4d4d5ece3663
lord_n123,ff102cdb-1ace-34c4-8293-0752d2f00665
lord_of_hockey,170ee077-9c04-402c-8513-d311e459804d
lordkalem,9df77f92-9150-4000-b047-42b2c22af0e0
lordlankovic,b8b32a21-0563-4769-be9c-defd6068f7ab
losordonez,e66fb852-3c6b-46cd-8341-b6b57056bfc7
loub1,606c8e92-1702-3207-a899-b9d8a98903a4
loveellie,03ff2c84-83de-463e-b311-1e3155ae6dab
lovelymaddie123,36e55e1c-b03d-49a4-9f31-6c355dc4fd28
lovelyxbunny,9b175d58-de3b-462f-80d4-4a6564284e0a
ltlt1000,9c3acfea-5ab7-48e9-b021-5fb7c20a6bf5
lucabuddy,c08ed49a-0ecc-4cc4-98b5-5378fe0d0345
luccanzx,c5c8b1f9-29b9-3477-b66b-1e326e786394
luccathompson,21da39f8-1e8b-47a1-8dbc-2931da09e34f
lucky_shots69,5980d96b-0aa3-41c2-9428-c484ffbc4b74
lukaika,b3777ddb-acde-454e-ac44-25677f55a83b
lukaspendragon,c4968e4b-01bb-49b0-9814-1e430d741170
luke,52069a9f-4a5a-4e8b-a112-1e60c1100d8e
luke1227,990df0d8-0708-4d93-973f-08d372227500
luke13456,b137b265-22a7-426c-b4d7-7342932a4356
lukeblaster9,b10aae57-c0cd-492f-b8f2-bd8f25778361
lukecahill123,a8499ee8-4488-4749-93cb-1fe53f0b23f2
lukeskywalker000,18cd475f-0fd9-4928-a25e-44457ef2368e
luna482,cfc0686d-4a22-4bf5-95f5-c42abd662f9a
lunarnight64,61dc2dbc-ff27-417f-a28f-d29fe928b8c7
lvsk8er_boi,27253ca3-4ceb-3353-8e55-aae7cb083a3a
mac10m1,88a1a41b-5672-3177-9434-b3943528fdb6
mace_175,348be97b-747e-42cf-b5ca-acf64e7bcff9
machinegunkush,6b8c659a-23c1-446f-b2c8-c3395d51c31f
macintoshuser_2,16742995-7a0e-4154-ae28-fd1ce1274d4f
maddogfesikk1234,07e48e09-336b-4f0f-99ee-7928cec7d379
maddogkis,82b5bcb2-e53e-4ff1-b2c9-72e148352354
maddymmm,e45b1735-3e16-4722-aa65-8d6e835864ee
madlm55m82898,5e0bfb26-0860-3d80-819c-00183833d113
madpenguin44,e5f20220-34f0-4ff5-9875-e58f41a5f91a
madz132001,db622860-47b6-38d9-b2ac-67c025fe13e4
maesho888,9cd597ff-d249-3635-8732-5621f85b83cf
magicskyker,ecedc49c-c653-47ea-8601-f5166eae2c72
magikkitten,e69fbbde-e6f7-4324-8ef2-0a9cee946f3e
magma_canon,54d255c8-0316-33b2-8cc6-d7cd821620c7
maineiac_12345,3c25309d-2bdd-3042-aaef-5bde8f8a3d76
mantisclaw,a31767a7-242a-44fa-a762-b88946078eec
maphusio,51f9d1a5-b2ed-4211-92b8-15b2a3923bc5
marciline74,1f5f30e7-7a6d-4d52-8193-a512df198ec7
marco0128,5bba74dd-4848-4707-8941-959d70c1e713
marcusfredri,17cfa113-ba02-37f1-8ff4-b5a23d5e20f6
maria8019,27626d91-914f-4513-a16a-0dee1917b9cd
mariomovercraft,c0cff000-1e77-4168-928f-1ee70949f7eb
marlenefr,6032d1bb-69cc-478b-a653-78d9615ab9fb
marshmallowbuttz,e3576a0e-00c8-3f1e-a36e-ffdc310e5039
masonxelitev1,28d1fe27-0aa0-4a28-a2d6-98e80acc5b55
mastercrafterdrm,211a160b-97b7-413f-9055-fdc7aae1f637
masterofblocks13,28631ec3-343d-4a70-8b58-8e52353e4446
mathias169,145faba3-2b1c-49fa-b1c5-b7d201d98c1c
matthew11eleven,db2e1c2e-2794-405d-83cb-2841f684742a
matti2000rocks,b14db58f-f87f-31c7-92c6-825c0f6e37a6
mattska13,38b488d5-f4bf-3a74-96e7-5dc80379dd91
mattskeet2,5c4dd7c6-9d88-4bd1-b9cd-34326773fc55
mavrickghost,841312e7-9f0f-3ff5-86f1-c462d4fa5d62
max_booth,dad0fdaf-34b4-4cae-ac96-5377c60e81de
maxbowman,f5ea9dbf-d92f-38ab-a9b4-b481abaad2c3
maximilian999,71cce0a9-db08-3c30-8533-fb66d8f3fe54
maxymeeto,4f3db378-a140-34b9-8b09-04b19608d5fe
mazzatr,163a4a27-1c1c-4721-a83d-3345579c3d1a
mcantwell2u,ec33b549-e453-3bff-beaa-8b4e427247d4
mccammo,0e7a86a7-97e6-4cb8-8b5e-fe9968470e24
mcchemistry101,613ce2f8-6f86-4ec7-ac14-3ed7bbcf4129
mcdaggan,faa8a748-3995-4be8-bec8-24705f6b9730
mcmeag,3fa54b9c-1ca1-4a71-aff6-dc4648667838
mcnicholas,23d38cd7-94f0-4707-b5ac-8a51ea05d59f
mcstrong,59e534e2-9421-4d54-8bf0-e71e4892d83e
meatallover95,9220dbda-85c1-418e-b34e-e25f91019412
mechasmesa,17dd93c2-aabe-4547-874d-5993534b689e
meeptheminer,fdd0031d-ce7d-4a3d-afae-fa9cd2df1e72
mega0wnage,0dde1c9e-bc32-4373-895d-1c839bd81c13
megagamerist,4c9f1edf-f7b9-4757-bc70-39bd3e4d3e8f
megalordspence,caa8a47d-1647-3938-9349-01ebd711f924
megan1399,c3b9bdde-5477-4c3f-9009-c45c01b8bb3a
megaswag2000,12e949c1-b153-4c7b-9925-307caf022c14
megzywegzy,9d953bbd-f223-4d64-aea9-c185127c0d22
meowgirl2004,729ae3fa-1ee4-42b3-b040-61d20c2ebec4
metalheadmaddie,212f13ce-3fe7-48a7-b13b-3084546e8624
metaverse1,bb8e638a-dd66-3a85-933a-c82b145df11f
mgproductions2,f6a6c944-d88e-43ab-a6b1-b0eb6e66e36c
miapalmer,2c394b70-d977-4f4d-8f65-d6b59b7cbc1a
midascalgar,7f30e59d-d131-4fc2-8616-cc409188ef5b
midnightshadow99,9aaebe4d-210f-3953-b1b8-c09274bc3dd2
mightyminer26,4d487aac-dc61-434e-919b-64c4f4ec9dfd
mike15444,857b4ca2-6d7f-4885-9268-ae3fb1e12088
mikeatron1458,db219702-1c69-4978-a892-6da30349d21a
mikemiranda123,b3b09b86-aabf-4007-ad27-3e55f72e78fe
mikkel5591,f94e79c0-ae7f-4ec7-aa58-591fd10f7b6a
milobuster,efed44d3-56ef-4167-87cd-da2c981a92fc
mimi06123,bebc93a5-2217-3c1e-b49d-3e236f906871
mindlessmunk,9c049c0f-c41a-4a06-b5d5-dce82c4b8aef
mindrunner,458379cc-d1e0-3362-86a4-aab56dd34ef4
mine_o_cratian,cba8ff3f-abce-42fe-8cf5-31703d786379
minecraft_chich,988a2095-bd68-4547-b3c4-cca92a7772ac
minecraft_pundit,d9fa31f5-12ef-3db7-a7ef-cada4600acb2
minecraftatron85,763c0a5b-b73b-4e0c-b060-7ed00b162695
minecrafteli2767,d092b711-cf24-4e7f-8b20-3541bfd02852
minecraftgod118,454774bf-4166-38ed-bfbd-c06b9fe1ab6e
minecraftjogja,261b1e0d-de40-3af5-b295-2ce044d435a9
minecraftojb,a040a282-8a69-4b96-b21d-ab490197265e
minecraftpro5854,17188d54-e1c2-325b-9423-516947dffc85
minecraftpro5894,78d1f267-b143-4993-a789-0a3161de7b48
minegurl123456,68eec892-0755-45de-aa48-694fcfddcde1
mineladykiller,bfbb7b25-d380-41dd-8830-1ad01dfcbe58
minemaster8751,648832f8-878b-444f-b631-40816ddc8701
minemaug,17671bbe-1f7d-489f-8867-ae6310999562
minepurple,23b3c479-62ee-4823-b127-4015d37d134f
miner19055,26d6add5-44e5-4d57-85df-ecf01cf32b68
mineslayer33,a0ffe436-436d-41be-b600-40e506b36ad9
minexatkool232,c8810f60-123d-462e-8591-51658fadf9b8
miniaussie,14e5c0f6-969e-3f57-b981-a725ebf14b45
minigam3ling,b3d0fae9-03d4-43c1-8145-ede0cc3ca4db
minikid276,3778d2a9-d229-4ca8-8590-96cb5119f2ca
miningboxer101,879a9415-ca37-4d2f-905f-684d48e5d598
minkymoo2002,4533b6a1-5a0a-4134-8850-63b32ba796e6
mirza14393,c9a21df9-4554-4c80-b288-55255f094c36
missmia_,de7a0c7c-2872-4341-9db3-4ac9d656e81d
missolive,c6fd4ce2-c4b2-3ade-815b-75038f48fdb4
missy51,eccffbc3-a5a5-3da2-b396-4a961f4ee0d5
missyfreakoutnow,aa72823d-c36d-4876-9ce5-100696b81a69
mistermaus1103,5449690e-2231-454a-aa71-06209724ee3a
mitchywebby,5c7818d9-31ac-4a54-a5b0-e17d23cfdeb9
mmboom257,b7b3dca6-d0b7-45c2-a889-b46351b6b6dc
moddyboy1231,44f6b6d5-415e-4ded-b2bf-772a6bd8be78
moggsy2001,db34a4c2-cf6f-4fe4-a540-2151e3c161c7
mohama2,c3d8a2eb-fa3f-4d54-bdeb-45a550630e63
mohawksareop,2bc31ab4-7ce6-4a33-ab72-8759f5fb3d4e
molton_lava,8e9b571d-07a6-4b6d-8249-298aca5c8550
moneyman342_,f996a11a-30bf-3c11-8cb3-188c6ae2d442
monkey_dudemc,3fa7f458-f38c-357a-a474-27d9b670a103
monkeybutt707,6c1c6b22-d643-4d93-80ea-1231976d1d6b
monkeycrush,88231faa-6026-4983-81d7-2881788ab9a9
monstermasher123,728aea72-eb8d-4527-a8a0-d87b67a6a3b6
montreal9999,1b194779-8533-4f1d-a647-6b01d86c1acb
monty521,3c6c2223-b10a-4bb7-87e9-05fa56c12d9f
moodsmajd,e7ddfbd2-7074-4917-823d-96fca1fceff0
moredavid,5515cc1a-7593-3e91-8457-80a227da99b3
morpice_,4d125e0a-4e65-3617-9500-8bd7d6ae1a40
mosesmoe,a5cbdd26-5375-4dd0-ade0-e8750b3a5960
mostfunguy,851dad9b-9371-470c-a64d-e90f75f9be66
mounder33,5f94d40e-35dd-4c31-ac9c-967a76ba559d
mpythongirl,254bae6b-a6b5-4470-b71b-b74c452baed4
mr_2014,d0f96c00-17c3-42b2-985a-4afd6c901e2b
mr_bogart101,3013f233-3de2-41f8-bb56-7e0ca78d46d1
mr_dewycke,0d4f0b5b-0296-4c0c-8d74-b7695036cd4c
mrarcher2000,6bef0304-8dcd-4b6c-875f-7748506eb5da
mrbubbles_12,274a37ac-b3f7-4dc1-8f8e-5e22cdac1705
mrerry,ff30c2c4-0669-4f2e-ac37-ad0ea39479cd
mrghostwill,88222d28-6ddb-4720-8803-40fc534da7b6
mrmegadeth457,ca0ab87c-6be1-4283-bf41-b26bbc7c650e
mrpixelgasm,c912785d-a100-41e0-8f3e-3ad161dcc58c
mrprotagonist,f01a2307-e90d-4503-9f19-640806fa8808
mrprotagonist_backup,661a34dc-13d9-3133-9343-bced90424693
mrpunchwoodda1st,3407dd89-6282-4a68-b6e6-798758828cf3
mrscooter841,59ce6ed0-1a3d-4957-aca1-e21e75c8b23a
mrshisty,985dd918-27e5-47df-81a8-7196e0c38aac
mrspybots,5ce6b744-afc3-4855-af12-c52d9af9d0f6
mrtall101,20cd6c46-5049-47cf-8151-6166ab9f7848
mrtoast21,7b2d0452-288f-4ac0-9eb6-5c1e2afb51fa
mscarapace,b2aaab9f-4a05-4703-8ad0-a28ab247caf1
mtmustski,466d21ad-05b8-42e6-bb51-955d97813e52
mtnyeti,d5e594f3-3862-4740-b4e9-0cfd8823937f
muffinmaster0601,c4cc0597-d1cb-330b-a188-2fc30b127700
muhammad_amin137,04e43361-2952-48ca-b792-4c603d075679
munit999,09c93f51-32b8-4800-8309-bc4a4fe967c2
music0is0art,c11a50f5-dec8-4d8c-a79d-f773c9531c27
myfirered,32313781-413d-40ac-9c4a-3ce87ba48a6e
mygasm,a2e87157-6a57-466b-9133-1b6bc006a822
myhairisblonde,1dd7ab37-666e-3ff6-9bef-cde8fb06b2d5
mynajack,788e834b-5b87-4842-a37e-fd8453ed670c
mysticeagle30,bc614286-0606-3489-9ae7-587a1eaade17
n0br4c,d97e12cf-6fbb-43a3-a71e-979ed1f799c5
nah13,eb5e8919-73ab-4c4a-b4d7-8c197884d55f
nannybells,b3f823b7-dad0-49b6-9c0b-f1faf662e330
nastyace06,83e2426b-4bdc-449f-85e9-a345495fe3c1
natarek,44102109-e209-4e0c-ba40-02a780440305
natethawsm,1461936a-89f6-424b-8428-32447a9a6c33
natethegreat325,ffb3f999-b2a5-4e1f-b4a3-433889dfe31d
nathanasiou,befcfe74-0cb6-4475-8322-a3bf4cb678e6
ndogmofo,95dc8b43-07cb-4c24-8a5b-baded880d648
nekocake,a07094d0-f584-40d3-87c2-d0eba4fd8f57
nelandsworld,965a8747-4c99-4a9c-aed3-e5083d0fddcc
nellahj,32946ba4-177a-4e25-8a9b-99cd0b4d7963
nellymoose,397c278a-2974-45eb-b097-677487f9b30e
nemesis007uk,a7bd3b09-a109-46eb-97b5-778d564200f7
neonchu,b788e2b9-28c0-4916-94b2-99165a9e57ce
neos1000,a5e530b0-cb94-4b5a-92cb-d4068c9b0b7e
nera_427,65f8349a-5da4-4c72-b5bb-d52595d6b2ff
nerdsylove,2ec17e36-4827-4e4e-8f35-52c3db86b106
nerdy_narwhal205,6595b3c4-9ea5-4afa-bf29-fc77aa408dc5
nerverfan3,491151bb-a8b0-4365-ab59-8cc0ac418e40
nessamoo7,b7358a9e-ddac-3561-8aa0-48a17095ae91
netanel333,26e98caa-10c3-492c-809d-b4645536c3a0
nethertraveler03,61b03270-adec-4e0c-a1dc-96e724a237e5
nfell2009,5dcee3cc-526d-4a57-a198-731e304902c3
niallpof101,2856f66c-961b-48ee-ad6a-0163776a5d3d
nick2015a,23c4ae84-6f33-47cb-b199-fdba5313af3a
nickshep,b92d5462-1eb8-4aae-9469-a73e31031bad
nicky2012a,58896ad5-1aad-4b00-bc37-38819e7a038e
nighthunterrx,9b02aba7-dcef-456a-bcb8-3139a11d08b3
nightmare6767,599ecbe2-3af0-4e3d-a1e8-f01db9210e88
nightthemoon,40bb05a2-2115-4b7c-ab77-e545bcad9ce8
ninja5_dude,92d0cbfa-9052-4a87-b7bf-0265954bf523
ninja_chick0228,f579c50f-3a0c-4956-839b-8b2e4ecdee2f
ninjalovertori,ad5a8d28-c47c-3875-ba90-a6103b7f8b04
ninjaracoon91,2edf0142-eeb8-47f2-9cf6-04d3aba26179
ninpando,9f8c5b92-6147-4980-a2cc-039489158eb1
nisha553,fb3d13f5-94bf-4340-8a33-3b2d991e7710
nitrogengaming1,761cfbf5-a5aa-4e6f-b894-6baafe5e5da5
noah21ok,e594560f-ac61-43da-bb39-da068120d6d3
noblejay,f2f10cca-b814-4a7e-84ac-dd5cb59b6f21
nocheese4u,6a276fe3-7642-4d26-90a3-ffef3b3b8f5e
nokori,cdddff4f-994a-4aa9-9390-ba47f9968afc
nonameninja22,05592ab1-4f3d-4df3-9f87-a83157fc1038
novaslypewds,7446a061-bce5-4e16-8f87-6e5ee58d2b5d
nsmx_member,dcb19384-a188-3083-8d1a-98fad36e9090
nunolava1998,74000cf9-a138-43c3-8f21-48a0d563c70d
nxce_persxn,2b2da76c-aed4-4bf9-9fbc-fe3ee392d76b
nyancatzombie,c21a2995-52f8-3b9a-9066-679461758070
nylkoorb,667593d0-17d2-49c4-acf2-917c3af79119
nyteguy101,be9d1679-d3cc-339a-9eff-900342acd214
oats101,60050308-eda5-47c1-bd59-0cd58012987a
obsidionandice,4f0c88dc-4697-4bd2-9e34-69d506b042d7
ocelot324,c32b3d7a-681a-4f39-bb30-e8f344d2eb51
og_reaperz,95eaddfe-63a9-4924-aa51-6fb9b849d137
okami125,4c13af96-e0c7-4e7d-b46b-f9fc8c08bf66
olafthesnowmen,233b6779-fd16-48a4-b3fa-909c9b04661a
oliebigcake,82701c91-35b7-4d9e-a16c-d01540548651
oliv3736,ab5d7df4-fb64-41bb-98cf-e14b93a29dcc
olliedon,5734f287-a7cc-4b36-95eb-0bf698b7f125
olt21,c5176853-3185-4982-8c93-0f1ac480e0ad
omgitsmrc,81cbb3e8-861d-4390-ace6-6f8a46a7471b
omnombom,d1474d06-ff58-41fe-97c5-e17a10afdea7
onamission,f9699bdd-ec24-46ce-bfef-516d73cc8694
one_bad_kitty_27,0188e1fe-40d2-4f46-ac2b-1ffae7e272d5
onizukaeikichi90,a29ba4bc-0fa1-4ac9-8987-0c4432687658
ooginga_ninjaoo,455fc3d2-2ae1-3f45-8d07-203d44095f72
oonightfireoo,a00c70c1-2faf-4ab7-ad42-fce373254dae
oozoddakoo,63c36c01-2621-42c1-91b1-3c8e5ad62ff3
ophyte,77f899f4-503e-4dbf-8594-376aa4b1c5e1
opmincraftgaming,5460f2e9-be53-4411-a79c-c02c98e6dfa8
opticlightning30,7e52d08d-59e7-4ead-95d2-4c5b75935872
oreminer300,0a8a9ca8-0184-445a-85ea-4017b85e425d
orozen101,b4a0e164-f1d6-46db-aa01-32e9a23a1ad7
oskarzal,45db1ba7-4354-4c58-ad9c-a11fad5f76e7
othinds21,3a2af22c-51ba-4ea8-9497-3ef84b4b6d9e
ozo,74e5b674-0f91-47ab-a3c8-dd31df9a200c
ozombieturdo,a16ec5b5-db29-43f2-9b44-d5d319825c29
p13rc3y7,7e04ca8f-1751-47e5-946c-93170c5db0b7
pacificsummer1,373bff57-44b0-4323-95fc-d92ab3713d51
pacman157,f9b0b37e-b73e-44a8-a065-21e807563b51
pacmanskills,d41f3a1a-62ca-4f24-82e1-b5685ef5389d
paindemonsf,cdb780a5-c09b-48d1-befa-01eeae94fbb8
palmac14,c7d43921-52a1-3fb9-baef-ef19bb87c701
pandacrazy18,c1587466-ef2e-479a-888e-f6c3aee32d25
pandadasher186,54a4cb10-070b-3acb-ab08-912df78e32c1
papa_smurf_901,669b51be-bd33-4586-af99-8c0b298f4e9a
parragonwilson,605c9453-5d64-4b22-aabd-3d0c4a8a44f4
partymixitup,f791b38d-9853-451e-b887-c6d256b7309f
patrick_burk,caeefad9-b53e-3404-98ae-05ce1c1c8e77
patryxcraft,33ad9492-0589-4c73-b132-be3e6f7912c6
paws2222,c51150f8-753d-4797-8992-750f0c3169b0
peanut_jelly,04af2ddb-06be-469e-8486-d16aac8ab962
peanutandrosie,82f20bbf-8d9e-478e-8618-3da87b12286d
peculiarphillip,53125f19-3102-4ed5-81a2-6facfcf22f3f
penalhus,1ce6a67e-1bf6-36c2-b247-9ddbe57b72a2
penguinlover547,2daf7568-5668-42ae-a625-4bb5aa68d3d1
pet_person,4816089d-26af-4a30-820f-7012a0e1f76d
petercom,e97cd34d-9f1f-453c-9ea8-c809f8a503ff
pfm2001,e30cb814-2dba-4eec-a85f-109149d8820a
phaug0123,1c5efb62-ba6b-3bfe-b011-c51c279591e6
phesmanlp,af4fa2cc-c537-32a7-b9b0-577c42dbe69f
philmo165,ce9dd1f8-c48a-446a-8870-0b50bce2f09d
phoenixofiron,33ad9b44-9f42-3f83-b14f-cf368936ee2a
phoulx,20583195-eba1-343f-a12a-498cd0164f8e
pickaxe10,62be69a1-f6ad-4cd7-a6c4-b3b8e88a030e
pikachu_ketchup,4623fdef-c19f-4e4a-bb39-ba9c393f5c10
pillowthief,c3bb3e5d-f95f-4e95-ae7b-27fb4458b235
pink_le_panda,b64a05a9-074f-30bd-bd78-60f3e52e1bdb
pinkdiamond9909,4644be23-d836-481d-ba52-aaeb85973e48
pinkke,51803183-cf0d-4b75-b21e-78a59def3a8c
pinklava101,e5851ca1-db0a-4ba7-84f6-f0dc92fb35ab
pinkpixie402,b988fcec-d45b-48ee-a385-b651a727069e
pinksnow116,cf16cfee-1750-4ed8-a1bd-3a32314df932
piperbunny1411,dcdece0f-279c-46e3-85cf-8e1d9ac6bfd3
pippiptits,c697631a-ef85-477b-989e-7085fbc676fb
pirate903,46aed97d-73d5-4d1b-bf88-39ba79eeb027
pittipla,1236ecdd-cbd2-403d-bcf5-dbcb10eca527
pixeltastic,e94c7811-4aac-4acc-9a71-e49e8c68908a
pizzabro55,7ab39253-f4d1-4458-9804-f8265c95e1f8
pizzadiliveryman,048b0636-34ec-406d-9107-ef36d4044876
pj8900,3f791039-5698-4318-8375-08fa1ea71421
pjcapora,cca12adf-884b-4f58-a8a6-c571418b567c
pl4tinumshotz,0883726b-e73e-4ae2-b47e-b8574d50770c
placedobsidian,d6a7d4e1-9b3f-46b3-b050-28d321b271d5
plasmaapples,6e9b9e49-fdec-4a87-ad87-6977ddd81424
platipus50,6b095202-9fa9-4d16-96af-e569f4020f88
plumpy10,93fbeffd-b870-4f16-a3f1-f5035baad05c
poisonouskoala,e5522beb-3e00-4dc4-b1e8-f1994e780995
poke_trainer_,5d14d498-9dca-4b92-81d6-e6876f0c5a35
pokerman21,a7c84893-972d-45da-a642-23b067d70fa7
poketrainerjd,383fd030-b78f-4acf-aac5-55ef745ce905
polish_beast,a4906cf1-ea0f-403a-963c-d84c068032f7
polishbeast675,9e8be06b-1a99-45a0-b6fc-18e6f18839a7
polotime,fe30b8f5-84a8-44ae-9236-3ad9b7a9a4af
pondage,95660156-6517-452c-a9cf-59c65d7fd580
ponyloverb,5f9fe937-605b-3b14-9209-de8a22a67037
poofking,12bc5c03-69e2-4cb0-84d1-3afc322bb089
post_rogue,799c4fd6-0201-4d1e-b345-b70e5f24f567
potato5ninja_,f1c68868-71cb-32e5-bd39-251f0b76a6c5
prefix001,0c16aa25-361f-4926-90c0-4442c29e99d8
prignus,b874fbfc-9b91-391c-b9e8-352fb35eb8a0
princess_drago,4c62a77c-6288-4dcc-9714-c7128ca0da25
probuilder1000,74e7e00d-c9be-44d8-bd3a-b892bcb0f78a
profml1991,46606425-dfcb-38bd-82f9-73113a17b28f
prominecrafter67,34e114f4-4a34-4424-b576-78cdcfce44fc
puddel,1c548756-d18c-4b61-be1c-6ab150496036
puggiegurl,ddac9867-0d0c-4a6f-8075-05b3fa0f9d17
pumpkinpepper,97cb8bf8-c6ee-4511-b6bd-d00dc1bc4fbb
pumpkinpepre,430d45a8-1d79-4f4a-80c0-a55663c838f3
purepker1283,1b7fc846-218e-4f71-a896-e84cafd451b7
pureskillsjack,693f4eed-43ab-421a-9911-d652f5e5a929
purple_galaxy123,0e0302fb-a8a5-4207-b3ad-7cc0c68e908e
purplecow12345,79e00fb8-0b4c-440d-bbbc-98a8eb8af19f
purplerectangle,7f8d1de9-775d-432b-82f4-a65e6b46aff9
purplesquidz,bd4fbcf8-1382-41c6-894a-4644fd38906a
purplezambie,b6f74cac-2558-45c1-b305-0eddd7cdbcbd
pvplegend99,384831ab-41e4-4171-9f57-41039ed62a28
pwningxpanda,4b6c6975-dac0-4592-9cfc-d4cf08b6e7b5
pygmydog,661cacf4-3059-3910-9008-8b2329e74cf0
qbitason,11485a9f-5bfc-4b1a-a2e9-161b7f28335d
qosmo,21c8de55-c771-4195-b667-f775e2d01381
qpwo,09ae18e0-c957-3a7e-8ab8-c1df236e91ec
quady03,2a70fc8a-5232-4686-9dd7-aa7944c45752
queencaity5888,f8947547-8f3e-3188-8825-c43ccc1efa6e
quickacting123,6b2a771d-7749-468b-9df8-2a6d73f41a5f
quisalas,1cbd2fe0-3402-47cb-bc9e-7ef7928c4a79
qwazwak,891805c9-0d17-4a21-89f0-47545cf0d2b6
qwe903,fe0d448b-c345-45b0-a77f-443b8657516d
r31crusher,e9c49989-4295-4e9c-bf73-931b482c1af1
ragefazze,99f3d881-40b3-4669-b09f-98f17b26124d
raggedyrachel,3ca00487-3dba-46d0-a56e-da994fa89ebd
rainbowfriends,299ace86-413b-4529-a5a9-e90f8e4fd5a3
rainbowrockett,8f1ea52f-9116-4016-bac4-70625460e4be
rainbows_steak,e4764f6f-39e2-4d2c-98a0-b4a8f6d47b1b
raisin_toast,646dd3d2-b912-371d-ba12-5d15982a68e0
ralphbell,ec4c3969-8eb1-3477-86e9-c2c85969c96c
ramsey17,79713233-0cf7-4aa6-a050-c08636b84aca
randomchampgamer,56471d87-335a-4dea-818c-604b844d1ff3
rapid115,4d4c568c-097e-3c26-81b0-9ffade008078
rastaboxhead,26276b02-df96-4774-9b64-d646c3387a93
raventhegreat,3a9cf485-9032-4b58-8844-afcc3b05f8d8
ravescratch,9c1c2755-fcb0-4c34-9890-bfd448e02363
rawrtomas,7137388f-b67e-44b8-9cb6-66cf102f2e59
raxxtdc,decb7181-791a-31cf-af93-b555436bdd3d
reachforhalo21,61f7f283-4cfe-4126-92cb-af32d4d05993
real_rj_berger,fea9d479-13ad-4307-bf5f-e59664bffe74
recklessvalkyrie,09c65394-2702-4567-b12b-82bd8a24d6e2
red_ice145,6302a059-e9a7-42be-b1b6-8a840815da4c
red_toad07,4fa2101a-e860-4be0-a34c-e518c352b747
redbike,5a5e335c-a561-4e1d-ab5d-4c0444483788
redkiller37,65a251e2-8f05-4506-93f2-320b20131c5e
redneckzen,8ab2d85e-2721-4db6-845f-a36bb30e8b07
redpanda704,3e6caa14-8544-43ea-ae3d-3d3497e302ff
remcodmt,6b5de0e8-059b-42cf-ba00-a303c27086d1
repersniper2,e378f617-59e2-4dbd-a6ac-fd709173b693
resir014,c0df6a8c-59d4-3ec9-a5bc-067eb91ae4dc
retroville268773,adbd58e0-7197-4847-a1bb-27eb1b9b611d
rexzander,6bebf295-8fd8-41d0-976b-b66faec992ff
rfcroc,1bf47c3d-074e-47e8-bc37-e21c1ea0aeac
rhicks75,301fb4d3-09a1-46e8-985a-17904135ca4a
rhinoe23,ef855061-f10a-4a44-814b-920a7c8c3663
rhinokiller13,33b496f5-a276-4d23-8da0-de7af283f518
ribu45,50248a32-c3ad-4179-a481-032bb7cfb4f0
richiefail,e184c3a7-d0b7-49b8-a859-0ecc5f181db1
rico4321,48896a55-33ec-328f-893b-3b45f252ffc4
ridler1999,cc73f022-d212-385b-bcff-32ff80f6eea5
riechen,79954045-fd49-3cec-b189-01a5c4188498
riverrunner2000,287c77d9-1af1-397e-9e34-366fe110a31f
rjgauck,ae2c6334-6170-4f95-8caa-aeb73662f4f7
rjm007,fde6af91-5a93-40aa-ba44-84838b69361f
rkbuilder,af7187d7-bf50-48ce-ad0a-5529fa0a8f69
robbiewaugh,225e1e81-3bd7-39ae-8a21-6e2c279c3172
robert_keisho,59eae4f1-ce7c-4906-afd3-88afa4910625
robobaca,0286e4ce-2391-42fa-95ea-9991a9c0fa01
robocrab1,f7191a79-5aac-4f6a-8673-9ed548ffbc8b
robot_pigman,2f622748-ed08-4f9b-8044-e3146e1db240
roboticcookie,8c4aa02c-0dcd-4d90-8236-20214e80cee7
robuscu,2c17ccde-072a-4678-af99-5b0b453aee2b
rockblink,248a2d8d-ac79-42b3-b99c-d4a390b09723
rockmonstergabe,fd7d6487-654c-48d0-8694-33771bfec1c4
roflkittehz,0521d745-6990-4644-84d2-66d4351cbf50
rogerdynamite,5b317eab-98ea-33fe-aa46-8a52795a7478
roland2011a,394f1e62-0af1-4c19-9bc0-aa5fbea10b91
rollingrich,8c63dd16-ae03-4e81-8c35-099f96a5fe61
ronni2341,e202df60-a7c5-4aa5-b083-4624621734bb
ronnyr28,ce78f6b7-cad6-4d55-9899-21a129e082a2
ronocjr,71472edb-f502-4b05-8904-10a4a848b635
rose15,e97037a7-d348-4b27-b7a7-d4daf9191223
rosiemurre,142e4946-fed1-333c-acbb-441d930faf39
rotkivvonzer,ff54d0fd-3c55-4b35-bd5c-a7ef771127d3
rowdy0515,fa6d11de-dfd9-4447-9188-07fef9909a27
roxybear5000,d7c63035-b098-4eff-9951-ccc1e17d1b9b
roxyfiona54321,6b7443af-8bb0-3591-8bc9-02b2ab6318d8
rtborntoski,a02eeb89-191b-3aac-9cf2-ebca6bc31fcf
rubyserpent,29262a24-70aa-4824-83ec-5ec43f9a7d29
rukin92,5c9e4f1d-8479-4759-a1fc-e6abc0f9bc33
rulan,9d589718-c31f-432c-9786-5990738c7f01
russopanero,8cb32453-d6f0-4645-bc18-6eb25173f93d
rusty3215,fbc1dc9e-102f-4c83-87ee-ce8e0ef055a0
ruth456,8a357730-7d21-4c14-bb58-f5719e911d1a
ruthlessreaper,ab5e3669-773d-40ca-8c1a-8e34326069a2
ryan1450,80702600-65f5-411a-8e4f-82886c4a7fcc
ryanguy02,07fcd686-31f4-4a0e-ba96-e81de4ef299b
ryann623,74be27bc-b837-46da-92c1-8b2babea2dfb
rye_guy64,ab4f8f52-cee7-4f21-ae92-5f687df76718
ryman6240,ff5821f8-4cf8-319e-a4f2-83383d90ff35
s0me_dude,63236549-f5d6-4234-8119-eea65157fa43
s0nic10cp,84de9051-37ec-3652-8ecf-3de9fe48cc32
s1l3ntd3lt4911,4f90cfeb-bb80-3f13-ab74-b1fa50ca4dbc
sabrinastar,2794d2d5-1bce-4ade-898c-c1d9c4c01e53
sadleysmile,92587ad6-763c-454c-8855-271803599cdc
safyrephoenix,d4b11ca3-6fbf-4b2b-ba72-5c1faf4873f1
sageraistlan,44ab063e-8989-401d-8206-c133dd698a25
salemlady,791a94cc-7824-47d1-b565-e556f14a79b9
salvatore1313,a88f130c-686a-4dcb-b0c8-733b57ffdc61
samboslicex3,3b0b7418-f6de-42a7-b506-ddb215c6b7b0
sameld285,34adae90-9cca-35e5-b6da-812c3c1a0d92
samfast,6c82b501-f409-4941-972d-75c300f2658d
sammythemanny123,129b7d22-ef96-4b20-b8e1-e31fdc3cf183
samoweller,51ca636c-f4f9-414d-b11a-7a461afe7e3a
samyelson,38d99e0e-9b16-4f88-b021-9d48c83de3d8
sanderbander,f1a1c4e1-f20c-4978-ab19-d7540feb63a5
sandnation,204850f2-39d5-4fec-9693-40995f84ea4c
sandwichname,75f93187-dfae-3111-a19b-4373e485b796
santtu112pk,0fa6937d-dc3e-3466-a426-9d1e48a731d0
saphrana,1c3d8256-08e6-4fd2-a498-9fcdeeb1ecb9
sara_619,78ab0d35-b89a-3072-8b96-5c5d63bf9066
sarahliz,eee36a8d-f550-4b2a-8cbd-79cb3b4ec68f
sarge1217,d031e782-5738-49b4-b4e1-88d72e2e2962
saulisbeast,d6ba0e76-5bde-4c1e-a927-ab713dfb7fc3
scarlett1000,cbb8619e-91c9-4965-980c-f1de95aa0b23
scatzbro,fda7aa16-e7bc-4730-9164-cca1d450f7e9
scorrpine,7a636650-3cbf-4968-b6b4-8be3b20a7b93
scribbles17,29f1a407-2b15-4abf-b3da-e630e6d460a8
scrubbyglogan,e669d8e6-0d20-31ca-b22f-31e836d95ae4
sdadrian,6d6bbc67-ac11-4834-ada5-d1890adc0c9a
seandoesgames1,19141ee8-2d90-4121-8979-2ea6ef55bc9d
seandude188,d1daaed3-5855-44c8-9e92-3de59f513903
sellular,091ef4e4-544a-4183-9e2b-ec17dceb39b8
selvek,f7edbdae-5714-43e3-8e80-97baadf8a382
semaj1996,d7393040-2f86-35b1-91ed-e99ee31920a0
sensation103,b1e573ba-8aac-42ee-a6bf-8998b189dbac
seradane,2ab1abda-79f7-4261-aee4-2dd4b330e035
serialthrilla42,503d091c-35b1-4f70-8bcb-04a77d78de04
serra1163,7349ec35-fd10-4860-a79f-05a4fe72d045
seth0521,5ef8e495-363e-449c-8dc6-2e756bf8b5ee
sethmontanez,d84194a0-9f59-47d7-83bf-d89f252b23dc
sevie113,dbdb4d1f-e359-4387-ae5b-b1c4219426c4
sgt_gavin,2d27375e-f48a-3f1b-bd8c-9f70cac14687
shadocat,e8cb0e4e-1c88-4e91-ab90-f1e9890494cc
shadow007uk,2576d27f-a9c8-414f-83ec-bd8ce014c7bb
shadz182,3420882a-14d0-4056-9cfd-b98bb4fd592b
sharkboy5432,7260b795-c1b2-417d-b17d-b524c39d4ac0
sharpenurfangs,b430adda-1fdd-48c8-a44f-c0f03b5d7659
shaunticlair,ec520a5b-5273-4279-8fa1-1a2569cc00a0
shawnbnuts12,1755f105-40c7-4fd3-916f-4107cf71ab3d
shawnflip8845,77dc039d-536f-42fb-897d-d9428321ad7b
sheencakers,6cda1b7d-fbca-409d-8a0f-c3a80027f94a
shelbyb2003,623f187a-2917-43a8-aa43-d6a652f6a718
sherlock1010,0df1176e-b2a3-3930-9e14-883383b7774e
shinx,fd7247a0-d27f-487e-bb56-af544a9dcae2
shionskaii,db82d942-2c14-428f-8865-b41a04981298
shiysab,aa0e4779-cf76-415d-a129-375f422db7fc
shockmiester,8fbdd6c0-7ed8-4de9-8b7f-51bfa8d5a027
shockwave17,6f4bb7cb-b975-4b8c-be38-a44ef14fdc8a
shootme410,c10f40d2-fd04-486e-8a34-503cff42f5e7
shortmanstamey,9c32777e-e745-46f2-81c4-dd719e9e898e
shorty3655,8bd9437e-fb31-474c-87fb-5d43566fc519
shroomboom75,4d505979-a0d3-4752-9dcd-8b37d3754bfa
shrooms_,0173ed52-322e-4675-8e28-f35f2a1fc6ea
shumpe01,5794e61a-942f-4a30-a41a-b844335e50c1
sideswipebomba,53124a97-2a31-444e-82da-202a4bd7dd17
sigge543,a963679d-5961-3a31-bc51-0c022002e56e
silver_shdowdia,940ed11d-20e0-3dfe-ac19-078510a9b2a5
silverdragontail,7968475d-8c64-36f1-9ef2-e92e2cdd5d8b
silverskyfox11,46b2819d-df6d-3509-8077-e5bd9d8c31b5
simhook,9287dd8c-c3b4-4afe-a6d2-9d87a0909d08
simled,9c7785fc-19dd-47a5-9050-a21f82bdcec4
simlink,a8fa1ced-0018-4b30-9f3f-9bfca7ba6e17
simonewill,8686af61-12bc-425a-bab3-cca63a0e16d9
simplyshelby,c9c4bb1f-ce77-44ee-a969-11cd11e870d6
sinicrafter,69221a1c-4d49-4f5a-a5af-6c3c8e262838
sir_wilhelm22,14299db2-a7aa-40f0-af29-1898f6199fcd
sirmexican1234,227c2666-e5a4-4ed6-b9b3-af0592e4e3fa
sister,a050da44-3410-3a09-920f-143db4da1ad6
skater1236,dfb6ab89-c6a3-45fb-b672-e02d530e8d6f
skeletonhunter14,5a8c38c4-5711-3983-8480-2968a1c835ed
skevs,9c87022f-66d9-314d-94a9-4ebf44d6f0a8
ski32,1d62fd10-aeed-4f60-b910-0daa86a79d54
skip_wishbone,78975c56-8c5a-4dd1-915d-e9a9c5e39c7f
skitscrapper14,2cd83460-3a26-423f-9555-1d6bf265a4a6
skittlezslayer,97af124a-2506-460a-ac56-9e5c268fa9ce
skull48clan,1f498db3-3a2a-422f-8183-8fcac6e94e51
skullcanada15,f0e2121a-8f09-4932-85c4-59f84cdc3a8a
skuller6000,18b1c9c0-a0d1-4b54-a37e-e9170d100f42
skullincrazy,73c9600a-18de-4ef5-8c20-21c2341baea6
skuter1998,9c160b1f-72f7-4a10-a3c3-f62778f160c6
skyblocks67,0b68cc35-15c3-4778-9a33-5105f3669db0
slashrace,7bd86520-0ae8-4428-9bbb-208b9bd752fc
slayeddreams,de57a56d-993f-40fd-a6ef-23eee160fcb4
slenderistic,aa907090-a4d0-48dd-9fa0-d63c08ec43e7
slim4420,135c72a4-bfda-3ffc-9e68-34648eaf5b4c
slimeyazan,a7d8a120-923a-4d4b-b736-3ff57c203694
slipkontter,99c7ea8a-9f03-486e-86da-011e9be87d9f
sliter1,d0e5c429-50f2-4b2a-bd18-48f65338d300
smashbros2,9ddcab17-0565-495a-beb4-a75e6c1aed1d
smithertin,3912031d-0443-476e-8b87-b59c0ea8dbcc
smittysmit,8f82e391-e460-3868-99fa-fb7822dd6745
sneakysnider86,7d996728-1885-47f1-ad96-ea1d96a2d4a6
sneekystumpy01,e43b783a-a0c8-4b89-b1b0-168a1a772477
sniperrifle28,a2772118-ceb9-4efc-9f38-4aefabaf0576
snipinggamers,5c3efef1-a4d5-34ce-926a-2fee182aceeb
snowbutterfly79,503eecb5-f527-401b-ba6b-4a251e4faa84
snowcat667,0bed7b35-7c89-463d-ac5b-877cd632bbaf
snowflake1031,38a7da55-60dc-4354-b112-603835ff94e0
soappro7788,cbcc5cf0-1a29-493c-9d74-ad6b005f9f04
soccer_bball11,fd86b3f9-7a8d-4295-9dcc-b216129f117d
soccerclara,55b1033d-db87-496c-b250-f9a2f2cd826f
socramicus,d259d3f4-c721-3bf6-ad30-61760fee0f53
soldier2828,82b10f52-5850-4977-bcca-02003720ca65
something8000,f08f2e40-920e-4042-8273-b6b390f0bbaf
sompor,de12da72-1114-4e3d-bf2e-0fe7841c0f29
sonnyjim100,e870004a-55ac-4e70-ab86-e7f9bcad5b87
sophie_plays_mc,e2022b64-4a13-471c-9de6-94c339ca57da
soroa23,74593af5-d1e0-3ca3-8087-9df70a22af1f
soughtsolid,b31816d7-c070-482d-837d-740ea7739dd2
soultrap102,aaa8c613-7fce-4156-a0a3-8ebdc551f8fb
southbeast12,4ac30ebf-7b14-476d-8276-9fc9b450b3c2
space_crafter123,fbda79aa-d9dc-4793-8837-e993f6d2526d
spacesbarguy,da2d9100-0c75-463e-aed0-6b2afeb42302
sparta2010,ee110948-e5da-4913-856f-71525c8357a2
spartanater,a7a78dfe-0501-4cb5-aea7-8e3c0122aba3
speedygonzales01,95342cad-5872-349a-8909-e09507d4f8aa
spencer6213,57d1b460-9032-4b42-9e4d-49fbedd9742a
spidermanlv,736a7603-5ae4-3196-81ba-3765f99c8633
spikedocter,335f6137-40c2-4745-a9a3-66ab08cac0b4
spooff,1c791740-203d-43f3-bb90-e62640d31e7c
squidooode,e8ddab8f-49d1-3b7d-b384-3bf2cc9246b7
squidruler,19302387-d215-4675-a38c-2aa5bfc526f7
squirrelpower177,62f2648a-310e-4ee8-8778-94c2152fcfb5
srs01,5c3b04fc-2819-413b-8395-2b8d826aa77a
sstroz,3eaa8520-e9fb-460d-95b2-76eba3002940
ssundian,a97bd3b3-29e7-4589-89ad-a9ad18e22b50
stabilitrak,f6d7586a-40f4-416c-8e93-3192f5a013d5
stacklee_blocks,f2c03a04-ad9d-40f7-94da-38f20af0f99c
stacyrose06,aa45ed3b-58ba-4ea8-8481-8ba1e4977a59
stampeau,b0b754a6-523f-4f77-9d35-81f4d5b36006
stampy_cakes,67b97420-c566-4f07-b73e-5905f07009a5
stampycatfan1239,c2dc6599-6ce1-4683-a254-37c672bca6dc
stankcat,01767608-df8f-4ab0-9726-194ca8ff8efd
stanstar22,34a9d93c-312c-38ba-adfa-2aaefe322ca9
stanthemanfan,35b06fa5-ffff-4a61-8f64-3a49b466c204
starcat27,c7cba8fb-017e-4cb0-9018-e59a8c4b0191
starksuit,6639c78c-9c75-47b4-b144-49dd9d7745a3
starmute,74e4e3af-0092-4cdd-91a6-3c8cf7eb805b
starzsy,e8e356d4-3ac3-4920-8156-811a87f975dc
statiikxkaleb,84bb7d03-35dd-4dc4-b832-cde2c3d52a5c
stevenh4,9601c537-29cb-4b00-944b-7e833f36b52a
stevennl2000,db1c4295-650a-4dbb-8f3b-42b7084e2d2e
stilesmojang,3b254be6-8e2c-4f2c-96f7-91c87e75cc76
stinkymonkey4u21,2345cd6d-8731-4671-89e8-1afdc721be74
stockw311,593bebbc-8fb5-4639-8892-3b90a082c9b1
stokholm,9d50ffb9-23df-448f-bc57-186cd139a4aa
stone_strike,345127cf-cf14-4ab7-b44e-3844f0fa7d75
storm_surge13,6fb994f6-36c2-481a-a673-8b9bdf44f3b7
stormarend,8b8a23b2-1e1e-32b4-a71a-f87d35320bf8
stormtdog,96640e9e-c904-4bc2-a80b-9d2e32b0a3c7
strike_man21,7b8e7cca-0987-4afb-b7d1-672db68e76a1
strikerdevin1128,e96f06bf-13fe-4a7d-affd-59b85b1de2c6
strikerjake,7f679158-6acb-47e4-bbff-589d63c7fc80
strikerx453,13439252-0169-4259-a2ed-cd09ccf35ba9
stuart07,b787b5b0-e34d-42e5-8837-c89d4fd76d9d
stupidape3000,70e9c073-b6ca-4732-9972-cb3ca1ad1b8e
sub_persona,b2da0e31-1599-4b32-bbdc-f00cec52bcfc
sugerlips,c502dfb1-08b3-4ee7-8a42-ede11f54db3b
sugoi_hoshi,be30088a-6601-419e-8e46-9f9c8a169d67
sukkaa,8a7ca5b9-52d3-3b1b-8296-6005bc7443a4
sumo25,d54a6571-d5e8-440b-95bd-82e644bffcfb
supabeazt,53d02f40-7329-467b-bf02-f8ea091dbfca
super_guyawesome,2ce753fe-2ed8-477a-8960-b3862605e433
superboy2007,8c7f95eb-de4b-4cff-9c04-03629db275eb
supercupid,2c4f7572-3efa-40dd-846e-e208fe7435e0
superdrew500,22c0b248-22c2-48dd-92d6-456eed6b2eaa
superfire9000,d3536f44-c964-443f-8c4f-d0a900ac43fc
supergamgam,9e73c6c0-bd2f-4d26-b03b-3dff2c90ce4d
superopie,b8d04887-c31c-3010-a5a6-6cf2ee79c7ec
superpat17,07e51419-1cb3-4e99-814b-d7f81728e1e8
superronnabelle,d10618cb-89e8-4edb-901e-871c229d72e8
swaggernerdz25,4ade3a4b-af5c-4567-a743-6df7382749e2
swagpanda11,4f696864-1479-300f-949d-f7ba9ebdb6e0
swagvampire,15208ae1-cb9a-4ded-9789-5a366e93d2a5
swe_luca,6b3fbfe1-b89c-4f2a-b3eb-361364c6bea3
swimmer117,332d3ed8-a08e-4e49-b609-9fde64578604
swordassassin54,6580b8ed-45c5-451c-a655-7b5a3a79031e
sydney221,7f0225bb-bdab-4c24-9124-ff4b14da772f
syntaxgenesis,a760118d-c5f1-4db4-a07b-f178920dcc55
t4r41234,3411fc87-845e-49db-a2a4-8391c3c141d3
t5_craft_net,68c12e53-62df-4d5a-9385-cb0d4b4c3a18
t_man39,aff50063-6bf5-4a87-a4b3-b72c9a6e0909
tadabug2000,7b3b0e6f-095d-3c7a-981a-fe53cff0e406
tailsbfox,b4dbec66-1a1f-4840-a678-4c5a14797657
tanker04,bc3480a1-2cbd-42bd-8575-fcc9530b8986
tankerzwife,ca4112b9-48a2-33a7-a074-98ca763de651
tarcup,22c062c7-75e7-41c6-99b8-26a7cb7eb3bd
tatolovesme522,a4c5b21f-9266-4384-867e-bb06935b8bbb
taubeta,e156633e-83cb-4073-805b-ac684cde7b44
taydexiadiessner,ccfabf86-f33e-429d-9f94-b7341bf32dec
taylor_jenny,9129e451-88b9-42a5-a279-83f4b14feaaf
tbix,6cda3f6c-46c0-4628-b9aa-420f2d02881b
tbonebradshaw,50f44ed2-0d27-3776-9166-38e5f80f4c62
tdcphantom,1c70038b-92ab-4563-b08d-7b27a11fb750
teawh0re,37007e6f-3744-3249-af7b-ad61d0e3d001
techtrails,cb233768-9a0b-40ea-91ab-1ecb3eaa0488
teddyjumper62,0e6517f0-d56d-3498-8a12-97ef754b7b7e
tehrandomguy_,af9f6544-4cd2-4405-8feb-d313bbc8fcc5
teixe75_hd,e1e7a278-6fc4-46bb-a243-e589ed04c642
tek_lessthan3,9d9e99cb-9fe9-3916-9c82-75cfdb8b40ab
tekzz_ipheonix,a2a77296-c61c-3c9e-bc9a-391a61b63e93
telephone98,2b2b3089-f270-32a1-9c5a-57557c0fdb23
tempsnow1,afa28f80-c2bd-4398-a83b-85fd4dc5d4ce
testedwafflez,ab941476-e0a5-45a9-afd7-463e3eb4639d
tfl72,5a8ec42c-f095-4591-9af4-0cf9094ed204
that_mc_nick,3885db32-ca77-3db5-8f57-9c1e102f2813
thatflamingninja,0d7e689c-9a34-4b5d-9915-31ce3667a25e
thatoleserpent,41e97b1d-2fdb-4dc9-9834-02036be522dc
thatweirdgirl,c9b13476-64f9-4737-8143-5cf570ad5517
the_apollo_gamer,422c1d7f-dc32-47a2-820f-55948e4c20e4
the_horiz0n,2da11a82-882a-44b2-b5dc-7480c1fd717e
the_ninja_potato,9e65ae58-a3bc-481b-a33e-4828c54b8a8d
thealpacas,8509eae6-16d0-4123-af7a-2d974471bac4
theangiebird,bfc79f16-844f-4ec8-a7c0-f707a9cbcb57
theaquablitz,23d87112-7557-4be7-948e-8b58217d31a0
theawesomcer,732b5a73-209e-47ad-a6ee-8abdd4ee7f49
thecakegaming,5bd975ae-765d-3fc6-8846-73f6f082bd40
theclumsycow,5fba046a-936c-4f3b-ac3a-bccb2aac929a
thedean747,8f0c8db0-32ca-4eeb-a388-694cc21bea80
thediamondguyhd,bd8ac13e-bd32-4f6b-80d7-8ae3ab784370
thefinnyboy,55a28fb3-44fe-4e6b-8ed8-7322bbc1f393
thegreatcrafter7,5adc88a0-8ed9-4b56-b143-96d6144f529b
thegreatpanda45,ba7fa02f-9d70-4d09-b5c3-239286e5642e
thejustasltu,eea238a4-7293-4552-b94e-d5076f1c29b9
thekidletsplays,2e47805e-8f4e-4910-a0c9-9299b11f9ecf
thekingjab,5fa5f0eb-1b86-47b8-97d4-86994f9f00f6
thelandofevil,1e3e11b9-20c2-4952-ae85-aa8cf331b175
thelaughables,29609490-b6cd-40d3-b731-496444d670a2
thelegends250,d127504c-b11b-4078-b510-0f098b7d53d6
themadscribbler,aace6588-0bdb-4ad9-9ba0-768fc25bdb00
themarshall2,3ab4106e-9818-3b23-a64f-532e08fa8f33
thematt45,287059e9-6c23-4552-9562-5a5bdadba151
themcporkchop,fb45ce45-4e4e-3eb1-974b-7cd2aff5d0ea
themintiest,c7f02825-0f5d-4172-99f3-c59e4b0b2191
themrjohnnyboy,c7a1ff3e-58ad-4e8d-a726-a200984f4e9d
thenexus03,bb48cb32-0a77-483e-9243-9d85122a1cb6
theonlychowder,4fc5027e-22f4-41ef-b78c-bf3bfc34b330
theozzy2000,8865e4e2-f74b-4a78-8609-0f5df7c55506
thepurplemuffin,9e048821-390d-48c9-944d-a64e599bd03b
therastalion225,944a067e-f776-4032-a1f3-bc24f66844fc
theshenley,8f8a49d3-01e7-498d-90eb-2dee1f48a6b4
thesky032,bf3022fb-45cc-375a-9d1e-3e0125bf76cf
thetopgun33,edcf9b35-a83a-4e7d-b94a-a46be7708bc6
thetrueboss21,0cbe4a35-8ad2-41b6-b2d5-496db6f93ad3
thetruechain,ad9e916e-1f42-3775-9197-d3eb0a97b43d
thewaytodawn,e1be7709-6d7c-458e-8654-15d51a616733
thewizardof101,d80ef02c-2ec2-4764-b778-4df21f400458
thisnameistaken7,e6e4f525-d80e-4e81-b95e-9fc84da298c7
thomas_stewart,1e673eb8-57e6-4e8a-a449-bc8d7b12832f
thornheart01,dddd0005-905c-42fe-8bc4-b490ade4748d
thrasher88,bdf61fb0-68fd-4cb8-97da-a1a5af4fa102
thronewolf,a3deb5f2-986c-4745-b5ae-401039d79d84
throrin69,151659a6-327a-46ce-be66-fc3e606c6d8f
throwindown,9845a742-20c9-3cc5-b53a-b3e08b85c97a
thunderbird576,ec54b163-5bee-4afd-9e0e-7ed982dc25d4
tiagozeva,10f14ac2-66e0-48bd-8288-4363cee8eb34
tibo442,38cd3c36-0efc-4678-b7cf-e8bf993c7e0b
tiegen20,47ec5af7-e48f-40fd-a10c-9391f0470504
tigertay55,42fe14ff-d4f5-4785-baa5-f53c3d0899be
tim740,60b15410-57dc-4b26-873c-00bdff5d68c9
tima_endergirl,9b25af16-b643-4027-9a2e-1407751f0172
timothy,75370ffb-cbdf-4bf1-9733-38d6a8fdf434
timshels,b99a87af-dc87-441c-b316-3f4814425c9d
timsk12345,7c9e1a14-ab9d-4b41-9f1f-8ccb8f2385c4
tj_0908,662ecc40-be4a-4783-a621-b180a3e697fe
tknox,e99b62ce-687a-48d7-894f-e56443a84a82
todd112000,8322954a-4e9b-4616-b438-49e68a884a56
tomhawkins26,d1f727e9-7c63-482a-be65-b7a792d06398
tommygun012,ff960730-c2ed-4349-b1d2-e1ff61d71257
tompat2028,c1cf3c93-075b-4c5a-98e4-75138deeead2
toncker,4cbe1a5a-0163-4351-b825-7d3a92e8e559
topcat486,fa7d0f64-d652-4ba3-85df-fbbb8e10cd38
topdollapotato,32860794-ef7a-4072-a081-f9c5f7ea7ecb
topplethestrange,5291b8dc-22da-45e3-bc95-36229ee99e22
torquehornet56,aca9372f-a4e6-4aca-a96e-37b38ecb02b5
totoromcflurry,10c61123-ee6f-3bfd-b354-987d0e3e15ec
toyscissors,b6cd7180-b253-49d2-b89a-1a3d4e943eec
traincar14,3600fb75-2006-3c80-82df-99da6695e6d2
traviryan88,030a2a4c-b548-4899-a830-06b3f45af2d0
treathel21,69c4cda7-dedc-4f49-8078-6b996e4b84eb
treeandleaaf,3bf72b0f-298a-4c78-9bb0-357501db0c97
trentonator9000,7f59fd32-9e9d-43f1-b8fc-e2908e9dd0f9
trey_p,25fcec68-75db-4621-ba25-301593ddae3c
triatomicfire4,e3a41ac7-68da-4652-8f33-68f3863554da
trich159,8a142fc1-f135-43d9-8fd7-cecadcf12391
trickysmiles,acd7dc5a-79fa-38f8-b092-bbd384eee27c
tripleb_67,7e729375-f377-4536-a154-cbe95f93597c
triplecheesey,88c76d86-20f1-411e-9bfc-c16c3f3a2eeb
tristanluigi,799df73f-b15d-3494-af0a-28bd824aa96e
trooperdp,0a40d138-64d3-3952-b0fd-18fe89ccb03a
truecoolkidd,d6ef763e-4239-4f91-a428-12b225c749a4
trytheswordfish,598536e3-bcad-49f3-a8dd-1973cfcdb056
tsarmiento00,ee4966bf-b70b-4ceb-84ad-01ee433e942d
tugrul,0061be11-1965-4402-8085-321799c5148c
turtleman3454,239f839c-331d-46bf-a605-0c8b190c91ac
tvswift,d94ac399-401e-4a3d-871d-8363179e623e
tweb306,cad74b6d-1668-48a6-ab67-f76205e474f8
twerkylegs_pvp,823094ca-4ce9-4ff0-85c6-58b127f96a10
twilightgrovyle4,32a40cee-c8a1-4a18-96c1-cbc930e83a3f
twinaarmageddon,02d53d38-6bf2-4f11-b3fb-5a2d7043ff3c
twink2,1a2fc767-716e-4eaf-9f87-062af44d0b37
twitchbox20,bf683cfa-db8d-430c-a7fd-fbe0304021c8
twiztidguy,d3cb29e0-32d1-4bbd-ba85-89eb053e2437
twizzle57,15a2702a-834f-4566-8c39-f42ef8a510d7
txrex1313,ea489e18-0beb-438b-9f83-eec1423ed9c9
ty_rex121,c48ed978-a4f7-33fe-a55f-2d1c9ae3e0e0
tycraft97,bdfd687b-d1b1-4410-9c8e-9c6709d3f2c8
tyerom,01caea6f-2eb9-4698-9ecc-77e3448840e8
tylerbrashier,75ce7e15-b743-4585-a8d2-f737629f89c5
tylerdabadass,3e53b3ea-0e37-31a1-969c-847d04f18c90
tymaster_13,d776e18a-b1c3-4867-8dba-99670b36bb49
tytan_77,71a5409a-1228-4d88-9f3e-daea045f28ef
uberwookie,ab9f26de-759f-4a4f-b877-41845bc62675
ubnubdef,7d519fe1-9512-48c6-95a3-107230ec7643
und3ada1m,1e1c3657-78d0-46a9-acd6-28aee2978666
undeadxdradon,02f53b02-d613-42d3-a42e-53932665ad48
unesayevans,88e18756-8533-461c-ab52-d3ecdc0c43e5
unlawfulorder,3eb3425f-459a-44a8-b071-27a5618618c2
upfederation,cee59ae1-7514-4789-952e-5a9ee71cfde7
uphome200,b5474a66-4b74-482b-a9bb-633735f07269
urantia29,7f989895-fa98-4529-95b9-9796b8619ff7
v3n0m88,a3186260-02ad-4c28-a969-d75a1b6b6617
vadimwebb,c8e28502-52c8-4381-b909-d39aca02116a
vanishedstar,a9f3d1d2-4be9-4b05-9b87-5e7b22c56764
varanta,0c376ecc-a0ee-4042-8250-0b4288a6264c
varseele,6135eab1-add1-4226-bf28-92cd1df1d861
vegardj123,b5a5c2bd-60d7-3580-9f4d-1266e3a7bd76
vegetajm,9f1b1319-753c-406c-9794-74d21fd6dfef
vegetajmm,a59ba87f-976b-4125-aba2-125d1f3c677b
veknovaplayz,fe32f1ce-0948-479f-b1e2-53a8dab0497b
velociraptogator,e8a5e399-405b-4f96-bcc9-230c9896c7ef
ventralbigfoot8,9d4268e3-157d-457c-bd70-9471ae3619c0
venusflylove,0054fc1e-b041-454f-b6c1-156af6f40cc6
veronica_playspc,e9eac715-789c-4b6b-acb1-8503ad5b43d8
vetelizabeth,1b78cf8a-3f3f-453c-92b4-e5ba02e51f6d
vex_george,61feff2e-fe37-4e2c-bc3b-ddfd288dd000
vicdoidao,e48ce417-e763-4581-b8c6-041300f94c80
vickevictory,23f0bc10-c194-4f1c-b0ee-b0cee3681be8
victorcraft_x12,eea69ccd-4e82-4b2d-9258-17c3532989e1
vieferd,d48d7b08-0447-346b-b276-ca4b2712e2cb
vietpinoy,7e28bb04-3f88-4abe-9829-6625859af2b4
viktor1ja,2731e466-47ab-4981-a604-554dc4e7f072
vin0616,e6b61ccd-1716-4301-9b78-be69eca0fa2a
vipesz,b807e964-0ce1-42eb-adbd-186b15aefc7e
vipsanius,37e3538b-f13d-3a36-a6f2-ded826d0a117
virussr,29b12d81-4a18-454d-9835-3b81b1822ac5
volcanoblaster64,25145800-c2c5-4d05-8f07-fc8e23381480
vongolathunder,afe40b6e-f3fe-3133-9396-72937132f823
vorderact,159e52a5-c4e7-449a-ac06-3e26e796080f
vulbiix,c95a3d28-15dc-4951-b6db-9e605bd30e10
vynlendis,c3369b59-1e12-4581-a143-cb3364cc03a8
wade_98,0a530022-c5f1-4e13-a430-4b90605202e2
waffleconesx,a14179ff-97bf-4f34-820e-0f2310a7bb02
wafflesarelife12,391925bd-b6ac-425e-9416-a5c17b4bb47f
walley2003,c923682a-f1a6-417a-b770-ce258072d115
wandercrazy,c4716747-4a33-4014-8026-e8c21dff797a
wardmhs,7bd8e319-4891-4a48-a0e7-2df708ea8c5d
warriorchad414,8cb99a83-b113-49a9-beb2-14f64675d162
waterjb,deee04a6-547e-4fe8-98f2-4b9a371d1c5d
watermelon456,22ce93f5-a5e9-4e5b-8e15-c47857bf3889
waterwillow101,56eb3cb2-7a83-4161-8de2-57d470946991
wazlotheelf,bf3ee839-81bb-4e13-a318-f9e7a6efb029
weegeemama4,dbabd9ec-76a5-4c04-a79a-54e5ceede2c2
weirdguy500,a20cd98f-a51b-4873-8150-9a1d217f7b8c
whackatroll,89288d26-9deb-46be-b5bf-6e9d51496c2a
white_knight16,d6a13032-42ac-4fc5-b509-52f40d26b782
whitefand226,4921c4a8-fc6e-480d-9200-ca86f925abd5
whiterandom,e597a7c3-238c-430c-baf9-0a331c579d85
whitescarfn,0ea73464-260f-331c-8985-54bf54c66faf
whitetiger007uk,13ee2dd3-c8c2-42ad-8874-2f09db8a52c4
whitewolf8u,92205027-2599-4d42-86bc-e93b5a78daa7
wild_onezx,f9cec93a-f1d0-4894-bc30-9fb270268dc2
williek99,3680986e-874f-43b5-aa18-ec387c22e4bb
willnutt2001,b445692b-c136-426c-8614-4ce7a455f646
willwac,bf1b4051-80bc-4657-9003-0843ba020022
winniethecat,29e005e8-bb4f-4772-a0b4-b47ebc14bd6e
wired44,0c43e6c3-c8a6-4d1a-8c9a-b44011714858
wisit555,3944f378-0fa7-412c-9c0d-46bf5b821eae
withers101,6ce8ba9d-9605-4d7d-8dd4-d52ae228476d
wolf43684,61d131e0-9218-4be9-bd42-5d816155abd9
wolf_978,97da3fae-11dc-419b-9a5d-0ad339b19812
woodside49,89dae256-eb0f-406c-9e09-99b25dc4c41e
woodstock35,d873fa96-3937-474b-8ae6-bc581741d149
wopyplop,13fada48-cdb3-3c22-a3e6-08d965a15533
word_brutha1,01578c00-6fe7-4c0b-9db7-7397c15474de
wxw,4718f091-dbd7-3356-bc2f-8021a1dc5d92
wxwsk8er,26c4fb72-8573-4a77-8936-a996fb5fbdcb
wyllfredd,8d81b121-a740-4d3b-8f8a-4712ae19f3c8
wyntercain,0435c881-a2ce-4a06-8ffe-10b5d8aa71d5
x_malsam,5995a489-84a4-4660-8cb3-5b167f970004
x_odysseus_x,fbaf2e82-c3fb-4fb0-8a74-bbd7ad8ef19b
xanxorrow,18283bf7-1411-425a-880e-db6b60ac2dd1
xbox_ownage,a6a8a808-5fca-492c-bcf0-3b910420d3dd
xbrightknee,e1884a1a-4ee4-4ad9-99a1-34c07023a1f6
xectragames,474425ad-5a78-44e4-920b-a13a62afe055
xeniusawbt,06992aca-fd7c-4370-befc-c4e8e931f6f1
xethanielx,205b46c1-16af-4f42-9201-4ffe0996bf64
xexecutionerx,dfe7064e-782f-43d6-a864-42b3355cd984
xgoldendog,c9a6e0be-926c-4bda-92ad-6f9abaf3cb8c
xingata,c870bd3f-3679-42d0-87a4-95899af573c2
xins_tryhardx,226265c7-6ef3-4b1c-8228-38d489264572
xiolist,62b68006-d6c8-4e6d-9bf0-a59d4dc47cac
xiversx,ca9a67f0-475a-422a-935c-939a4d182244
xlegendaryflamex,e9f918b0-fa5c-4231-bd34-223f780c0fdc
xmost_defx,c04b2dfe-372d-41c3-b901-51168d0b9d00
xnight2117,050ed8ed-5540-4721-8678-ef04117337c6
xninjacoffeex,5a5347a4-248f-4909-a0a1-7400243eb52b
xpancake_x,addba9b7-460a-45c3-846b-ade49dfa7d53
xrayshadow123,13406a69-e272-4cb4-885e-32dcc822ab91
xrhstospro,94fd77b7-f0e2-4ac9-98fb-0b34639163ee
xrisenxgum,da878ad0-8635-485f-acd9-4cc6321026e0
xroyalcr33perzx,3c68bde4-8a45-4eb6-b49a-913ed161ff9b
xs2kxr3d,e0125513-d4cc-48a4-b519-cd236e2efb1e
xsambuscusx,f13f78ee-2d10-411e-b5d7-273b00ea6edf
xshadowninja1,a5159132-bbf6-4c6a-8977-f2c9c8101604
xxbrett625xx,41e7a57a-b2c0-40a2-9e91-2c0c1d1390a3
xxciviltheo925xx,d430f8da-1593-4f3d-88c4-f6f042e423c6
xxcuteslimexx,877865df-f03b-4afa-afe8-0535549a73a3
xxdj_909xx,51b3e1e8-f5cf-481b-b149-220bf70ff631
xxfrostgirlxx,fb242626-0439-4dfd-83f0-11f2f5d03ee8
xxgitkilla,055bb9c8-5c4c-4c0a-92b1-9d2b51955131
xxjumpy_turdxx,1fb0206c-d8d9-4504-9569-b26475ff2956
xxladykaixx,52085f47-0e73-4dc6-8cbb-888ecc15c7ea
xxmax2002xx,03ffc1d3-3478-42ca-8146-c76f74276666
xxpvplegend,f3dc2795-91ac-4cb5-8509-89d2ab22c91b
xxsgt_kmartxx,0188b98f-2ec7-4c88-a601-240da6ecd1ac
xxsky901xx,dd653adb-38ae-45fc-a697-cfdc19fa5113
xxtreeelfxx,a47ea385-ac42-4824-9741-608822773a2d
xxtrent123xx,f49918c7-0253-4e02-9402-5160eb0813cc
xxxmatchesxxx,96aad093-352f-4246-8fd7-e57d91c6aa3d
xxxxriosxxxx,bfb5375a-ad86-40e9-9d27-de878510a617
xzenoblade,84973635-caad-45dd-b9b6-ecf3fce50f60
yashmaxi,ff487be3-c8cc-494c-8bf7-979c95a143b5
yasissy,3f33144b-a46d-387f-8f50-894a6d66c3a5
ydnar16,75fc8638-0150-40e0-aab6-6d036fbcd35c
yoshijosh2001,bf31a3fc-6cb0-4044-a3a0-1105f3a577df
youredeadd,335d3997-4673-4915-aabb-d0932ba4d653
zaindude123,d49a159b-2142-430b-aac2-627ec04f1c14
zakcraftftw,4897377f-c738-446e-ab22-d514160aceb1
zakkman1,730aa128-6bdd-42dc-adc8-13f2de3de269
zannysquad,eb2b2fd7-0a9b-4e40-8c04-326514f1e3bf
zasz211,959345f7-73ad-4db2-a425-17609af4439a
zavej,908fd946-cbfc-4429-a3f4-a8980bc0c361
zbolt00,35d3ae68-63e8-47a1-97d6-8a4d116bbe87
zedament,c7192c58-c241-4a12-98bd-c1e802787b05
zeeonmyknee,7862d031-9191-4daf-a94a-f9036779e278
zell963s,47bef228-b022-4b40-8c23-a2794b008933
zenbooda1,5519642f-b7a9-4b38-8d10-359943effd03
zephhyres,34d9d394-cdba-40d3-b750-721a642cb273
zeppy,ec472a08-3063-46a6-92b4-ada4c98585f0
zergens,4c43edea-d81c-42c7-a8c9-7658370eb8b6
ziulz,161677a6-4d12-3a70-9f83-ff7fd32fdb36
zolstise,12a4058c-6871-4204-9158-998f2c7d8fe5
zombiegirl159,dc506779-7416-4ad5-83cf-43548e1b1a67
zombiehugger4,11f235cc-898d-4833-a183-c27b260004e9
zombieye,f964d452-8375-3da1-9219-5edf7157e316
zoom205,0b5242a3-60d3-4b57-8d5e-9c2bdb1d1b2e
zorro1o1,7695cc2f-f573-404e-a983-3a8150468ba7
zskalski,8bbf0fed-cca7-4595-890a-84b5c6c748a9
zthemonster,9b818cf0-70eb-4ece-bceb-9a014d64a420
zxffc,dfbe6684-d1fc-4872-97f3-4682182ef744
zynsu,79fd932c-cc44-4a19-9bbf-7dceb39ee8a0
zytho42,c7a8d64e-a2e8-466a-ae23-cc331a56b23a
zzdeno,84181762-14a4-4faf-90e2-11c72d546c13
